user_id,signup_date,channel,age_group,country
U1000,2024-02-11,Paid Search,18-24,UK
U1001,2024-05-01,Paid Search,25-34,USA
U1002,2024-04-08,Organic,25-34,Germany
U1003,2024-04-28,Organic,25-34,Germany
U1004,2024-05-08,Organic,18-24,Germany
U1005,2024-04-11,Paid Search,25-34,Germany
U1006,2024-03-05,Social Media,25-34,Germany
U1007,2024-06-19,Paid Search,45+,Germany
U1008,2024-06-27,Social Media,45+,UK
U1009,2024-05-13,Paid Search,35-44,Spain
U1010,2024-02-11,Organic,45+,UK
U1011,2024-03-03,Organic,35-44,UK
U1012,2024-01-11,Social Media,25-34,Germany
U1013,2024-05-23,Paid Search,35-44,USA
U1014,2024-03-01,Referral,45+,USA
U1015,2024-04-11,Referral,45+,Spain
U1016,2024-03-26,Social Media,25-34,Spain
U1017,2024-05-05,Paid Search,18-24,UK
U1018,2024-01-03,Referral,18-24,Germany
U1019,2024-04-19,Organic,18-24,Germany
U1020,2024-05-05,Paid Search,18-24,UK
U1021,2024-05-04,Referral,45+,Germany
U1022,2024-02-01,Paid Search,35-44,UK
U1023,2024-03-27,Organic,18-24,Spain
U1024,2024-04-01,Paid Search,45+,UK
U1025,2024-06-02,Referral,35-44,UK
U1026,2024-03-01,Referral,25-34,Spain
U1027,2024-01-07,Social Media,25-34,Spain
U1028,2024-04-30,Organic,45+,USA
U1029,2024-04-10,Social Media,25-34,USA
U1030,2024-05-22,Paid Search,18-24,Germany
U1031,2024-01-03,Social Media,25-34,USA
U1032,2024-04-06,Organic,45+,USA
U1033,2024-06-15,Referral,35-44,UK
U1034,2024-01-27,Social Media,45+,Spain
U1035,2024-05-21,Referral,45+,Germany
U1036,2024-02-04,Organic,45+,Germany
U1037,2024-01-19,Organic,25-34,Germany
U1038,2024-03-24,Social Media,35-44,Germany
U1039,2024-02-03,Organic,25-34,USA
U1040,2024-05-22,Referral,25-34,Germany
U1041,2024-02-01,Social Media,35-44,USA
U1042,2024-01-07,Paid Search,25-34,UK
U1043,2024-03-30,Referral,35-44,Spain
U1044,2024-04-26,Paid Search,25-34,UK
U1045,2024-03-23,Referral,35-44,USA
U1046,2024-05-02,Social Media,45+,UK
U1047,2024-02-22,Organic,18-24,UK
U1048,2024-06-27,Paid Search,25-34,UK
U1049,2024-03-29,Social Media,35-44,UK
U1050,2024-06-01,Social Media,45+,Germany
U1051,2024-06-16,Social Media,18-24,UK
U1052,2024-03-19,Organic,45+,Spain
U1053,2024-03-26,Social Media,45+,Spain
U1054,2024-05-16,Social Media,35-44,UK
U1055,2024-03-01,Organic,35-44,Germany
U1056,2024-06-25,Organic,35-44,USA
U1057,2024-01-16,Paid Search,35-44,USA
U1058,2024-05-19,Referral,35-44,Spain
U1059,2024-01-30,Paid Search,35-44,Germany
U1060,2024-03-11,Referral,25-34,Germany
U1061,2024-01-24,Social Media,45+,USA
U1062,2024-06-29,Organic,18-24,Germany
U1063,2024-03-11,Paid Search,25-34,USA
U1064,2024-06-10,Referral,45+,Spain
U1065,2024-05-24,Organic,18-24,Germany
U1066,2024-06-05,Paid Search,18-24,UK
U1067,2024-03-09,Paid Search,45+,UK
U1068,2024-06-05,Referral,35-44,UK
U1069,2024-02-07,Organic,45+,Spain
U1070,2024-05-29,Paid Search,18-24,USA
U1071,2024-03-13,Social Media,25-34,USA
U1072,2024-03-16,Social Media,35-44,UK
U1073,2024-01-04,Social Media,25-34,Germany
U1074,2024-04-24,Referral,45+,Germany
U1075,2024-01-14,Paid Search,35-44,USA
U1076,2024-05-18,Organic,25-34,UK
U1077,2024-04-17,Referral,45+,UK
U1078,2024-04-01,Paid Search,45+,Germany
U1079,2024-01-01,Social Media,18-24,UK
U1080,2024-04-29,Social Media,45+,USA
U1081,2024-01-17,Organic,25-34,Spain
U1082,2024-02-17,Social Media,35-44,Spain
U1083,2024-02-08,Referral,35-44,Germany
U1084,2024-06-28,Organic,45+,USA
U1085,2024-02-03,Paid Search,18-24,USA
U1086,2024-06-15,Social Media,35-44,Germany
U1087,2024-04-19,Referral,25-34,UK
U1088,2024-05-17,Social Media,35-44,USA
U1089,2024-02-02,Organic,35-44,Germany
U1090,2024-03-31,Referral,45+,UK
U1091,2024-05-28,Referral,35-44,UK
U1092,2024-03-10,Paid Search,45+,UK
U1093,2024-03-29,Paid Search,35-44,USA
U1094,2024-05-03,Organic,18-24,Germany
U1095,2024-06-28,Social Media,18-24,USA
U1096,2024-02-06,Referral,45+,UK
U1097,2024-04-26,Referral,35-44,Germany
U1098,2024-01-22,Organic,35-44,Germany
U1099,2024-05-04,Referral,18-24,USA
U1100,2024-03-23,Referral,35-44,Germany
U1101,2024-06-16,Paid Search,45+,USA
U1102,2024-03-06,Social Media,18-24,Spain
U1103,2024-04-02,Organic,35-44,Spain
U1104,2024-06-29,Social Media,18-24,USA
U1105,2024-03-24,Paid Search,45+,USA
U1106,2024-03-11,Social Media,45+,UK
U1107,2024-01-03,Organic,25-34,Germany
U1108,2024-03-05,Referral,35-44,UK
U1109,2024-05-28,Paid Search,18-24,USA
U1110,2024-03-15,Referral,45+,USA
U1111,2024-01-04,Organic,35-44,UK
U1112,2024-05-01,Social Media,25-34,Spain
U1113,2024-05-09,Paid Search,35-44,Spain
U1114,2024-02-13,Paid Search,35-44,UK
U1115,2024-05-09,Paid Search,18-24,Germany
U1116,2024-04-14,Referral,18-24,UK
U1117,2024-04-27,Paid Search,45+,Spain
U1118,2024-03-22,Referral,35-44,UK
U1119,2024-03-03,Social Media,18-24,Spain
U1120,2024-03-14,Referral,45+,Spain
U1121,2024-02-10,Paid Search,18-24,Spain
U1122,2024-04-20,Referral,18-24,UK
U1123,2024-03-31,Referral,45+,Spain
U1124,2024-04-30,Social Media,25-34,Germany
U1125,2024-03-27,Referral,25-34,UK
U1126,2024-03-14,Referral,18-24,Germany
U1127,2024-05-06,Social Media,18-24,Spain
U1128,2024-06-05,Organic,45+,Germany
U1129,2024-05-02,Paid Search,25-34,Germany
U1130,2024-05-25,Referral,18-24,Germany
U1131,2024-06-01,Organic,18-24,Spain
U1132,2024-06-23,Referral,35-44,USA
U1133,2024-01-19,Organic,25-34,Spain
U1134,2024-03-11,Paid Search,25-34,USA
U1135,2024-03-07,Social Media,18-24,UK
U1136,2024-04-25,Paid Search,25-34,Spain
U1137,2024-04-09,Referral,35-44,Spain
U1138,2024-05-27,Organic,45+,Germany
U1139,2024-04-05,Social Media,35-44,Spain
U1140,2024-02-20,Social Media,18-24,Germany
U1141,2024-04-10,Paid Search,25-34,USA
U1142,2024-01-23,Social Media,35-44,Germany
U1143,2024-04-19,Paid Search,35-44,UK
U1144,2024-05-07,Social Media,25-34,UK
U1145,2024-03-19,Paid Search,18-24,Spain
U1146,2024-04-07,Paid Search,25-34,UK
U1147,2024-01-18,Referral,18-24,USA
U1148,2024-06-11,Paid Search,45+,Germany
U1149,2024-04-25,Referral,25-34,Germany
U1150,2024-06-18,Referral,45+,Germany
U1151,2024-03-03,Social Media,25-34,USA
U1152,2024-05-05,Organic,45+,Germany
U1153,2024-03-20,Organic,18-24,Spain
U1154,2024-06-09,Referral,18-24,UK
U1155,2024-01-16,Paid Search,35-44,USA
U1156,2024-05-08,Paid Search,35-44,USA
U1157,2024-06-11,Social Media,25-34,Germany
U1158,2024-06-02,Referral,35-44,Spain
U1159,2024-05-02,Paid Search,25-34,UK
U1160,2024-04-24,Organic,18-24,Germany
U1161,2024-03-24,Paid Search,45+,Spain
U1162,2024-01-28,Organic,35-44,Spain
U1163,2024-03-29,Referral,25-34,UK
U1164,2024-05-30,Referral,45+,UK
U1165,2024-04-03,Referral,18-24,UK
U1166,2024-06-16,Organic,45+,UK
U1167,2024-03-07,Referral,35-44,Spain
U1168,2024-02-28,Paid Search,35-44,USA
U1169,2024-06-11,Paid Search,45+,USA
U1170,2024-04-11,Organic,18-24,USA
U1171,2024-05-12,Social Media,45+,UK
U1172,2024-05-16,Social Media,35-44,USA
U1173,2024-04-09,Organic,25-34,UK
U1174,2024-05-04,Paid Search,25-34,UK
U1175,2024-03-30,Paid Search,35-44,Germany
U1176,2024-01-16,Referral,25-34,Spain
U1177,2024-04-03,Referral,18-24,UK
U1178,2024-04-20,Organic,45+,UK
U1179,2024-06-17,Organic,35-44,Spain
U1180,2024-02-25,Social Media,25-34,USA
U1181,2024-04-03,Paid Search,45+,UK
U1182,2024-01-25,Social Media,45+,Germany
U1183,2024-05-19,Social Media,45+,UK
U1184,2024-05-17,Referral,45+,Germany
U1185,2024-01-18,Organic,25-34,Germany
U1186,2024-06-02,Social Media,18-24,Germany
U1187,2024-03-26,Social Media,45+,Germany
U1188,2024-06-08,Organic,35-44,UK
U1189,2024-03-15,Referral,25-34,UK
U1190,2024-01-27,Paid Search,18-24,Spain
U1191,2024-04-20,Social Media,18-24,UK
U1192,2024-06-09,Referral,45+,Spain
U1193,2024-03-05,Referral,25-34,USA
U1194,2024-05-03,Social Media,45+,USA
U1195,2024-06-04,Social Media,25-34,UK
U1196,2024-05-04,Social Media,18-24,Spain
U1197,2024-05-23,Social Media,45+,UK
U1198,2024-03-08,Organic,35-44,Germany
U1199,2024-03-10,Paid Search,45+,Germany
U1200,2024-02-17,Paid Search,18-24,UK
U1201,2024-01-30,Paid Search,25-34,USA
U1202,2024-03-02,Organic,18-24,UK
U1203,2024-04-24,Referral,25-34,Spain
U1204,2024-05-10,Paid Search,35-44,USA
U1205,2024-01-06,Social Media,45+,UK
U1206,2024-03-18,Paid Search,25-34,Germany
U1207,2024-01-17,Paid Search,18-24,UK
U1208,2024-02-11,Organic,25-34,Germany
U1209,2024-03-11,Referral,45+,USA
U1210,2024-01-08,Paid Search,25-34,USA
U1211,2024-06-15,Social Media,25-34,Spain
U1212,2024-03-24,Organic,45+,Germany
U1213,2024-03-20,Referral,18-24,USA
U1214,2024-01-31,Referral,18-24,Spain
U1215,2024-04-26,Referral,25-34,USA
U1216,2024-04-21,Organic,18-24,Germany
U1217,2024-05-07,Organic,18-24,USA
U1218,2024-03-29,Referral,35-44,Spain
U1219,2024-03-12,Referral,25-34,USA
U1220,2024-04-21,Organic,35-44,Spain
U1221,2024-03-15,Referral,25-34,UK
U1222,2024-04-14,Organic,25-34,Spain
U1223,2024-02-16,Social Media,35-44,UK
U1224,2024-05-03,Referral,25-34,Spain
U1225,2024-01-06,Social Media,35-44,Germany
U1226,2024-06-08,Organic,18-24,USA
U1227,2024-03-22,Social Media,35-44,USA
U1228,2024-06-02,Organic,18-24,UK
U1229,2024-02-12,Referral,25-34,Germany
U1230,2024-03-12,Referral,18-24,USA
U1231,2024-01-01,Organic,35-44,Germany
U1232,2024-01-27,Referral,25-34,Spain
U1233,2024-03-12,Organic,18-24,Spain
U1234,2024-05-08,Referral,45+,UK
U1235,2024-03-29,Paid Search,35-44,USA
U1236,2024-01-17,Social Media,45+,Germany
U1237,2024-01-20,Paid Search,35-44,UK
U1238,2024-05-05,Referral,35-44,Spain
U1239,2024-04-14,Organic,25-34,Germany
U1240,2024-05-11,Referral,45+,Germany
U1241,2024-02-18,Referral,25-34,Spain
U1242,2024-03-11,Organic,35-44,Spain
U1243,2024-02-16,Social Media,18-24,USA
U1244,2024-05-29,Referral,25-34,Germany
U1245,2024-03-16,Paid Search,45+,USA
U1246,2024-03-30,Referral,45+,UK
U1247,2024-04-02,Referral,45+,USA
U1248,2024-04-01,Paid Search,25-34,UK
U1249,2024-01-14,Organic,45+,USA
U1250,2024-03-27,Social Media,35-44,Germany
U1251,2024-03-29,Organic,25-34,UK
U1252,2024-01-30,Social Media,35-44,Spain
U1253,2024-01-30,Organic,25-34,Spain
U1254,2024-02-06,Referral,35-44,Germany
U1255,2024-04-02,Social Media,45+,Germany
U1256,2024-03-06,Organic,35-44,Germany
U1257,2024-04-18,Organic,45+,USA
U1258,2024-03-08,Social Media,18-24,Germany
U1259,2024-05-24,Social Media,18-24,Germany
U1260,2024-05-01,Organic,25-34,USA
U1261,2024-03-15,Referral,45+,USA
U1262,2024-02-26,Organic,45+,Spain
U1263,2024-06-03,Organic,25-34,USA
U1264,2024-06-07,Organic,18-24,UK
U1265,2024-05-23,Referral,18-24,Spain
U1266,2024-05-06,Organic,18-24,Germany
U1267,2024-05-23,Referral,25-34,USA
U1268,2024-01-11,Organic,18-24,UK
U1269,2024-06-22,Social Media,35-44,USA
U1270,2024-06-23,Referral,18-24,Spain
U1271,2024-03-24,Social Media,45+,Spain
U1272,2024-06-24,Paid Search,45+,Germany
U1273,2024-02-11,Paid Search,25-34,USA
U1274,2024-01-17,Referral,25-34,Spain
U1275,2024-01-30,Social Media,25-34,Spain
U1276,2024-05-14,Paid Search,18-24,UK
U1277,2024-04-15,Paid Search,18-24,Spain
U1278,2024-03-15,Social Media,45+,USA
U1279,2024-03-07,Social Media,25-34,USA
U1280,2024-05-21,Referral,18-24,Germany
U1281,2024-01-10,Social Media,35-44,UK
U1282,2024-06-03,Referral,45+,Germany
U1283,2024-05-23,Social Media,35-44,UK
U1284,2024-01-18,Social Media,45+,UK
U1285,2024-06-17,Social Media,35-44,Spain
U1286,2024-05-01,Organic,18-24,USA
U1287,2024-04-19,Referral,25-34,Germany
U1288,2024-06-21,Referral,18-24,USA
U1289,2024-03-03,Paid Search,25-34,UK
U1290,2024-01-14,Referral,18-24,USA
U1291,2024-06-16,Organic,35-44,USA
U1292,2024-04-26,Paid Search,35-44,UK
U1293,2024-02-02,Organic,45+,USA
U1294,2024-06-12,Social Media,25-34,Germany
U1295,2024-03-06,Paid Search,18-24,Spain
U1296,2024-05-07,Referral,25-34,Spain
U1297,2024-05-18,Paid Search,18-24,USA
U1298,2024-01-18,Organic,35-44,Spain
U1299,2024-02-02,Social Media,18-24,USA
U1300,2024-06-19,Referral,35-44,UK
U1301,2024-05-30,Paid Search,45+,UK
U1302,2024-03-28,Organic,18-24,Spain
U1303,2024-06-29,Referral,35-44,USA
U1304,2024-03-05,Paid Search,35-44,UK
U1305,2024-06-14,Paid Search,18-24,USA
U1306,2024-04-20,Referral,45+,Spain
U1307,2024-05-15,Social Media,35-44,UK
U1308,2024-05-19,Paid Search,25-34,Germany
U1309,2024-04-20,Referral,45+,Spain
U1310,2024-05-06,Referral,25-34,Germany
U1311,2024-05-21,Paid Search,18-24,UK
U1312,2024-05-27,Social Media,18-24,USA
U1313,2024-01-26,Referral,25-34,Spain
U1314,2024-06-02,Referral,25-34,USA
U1315,2024-06-10,Organic,45+,Spain
U1316,2024-01-14,Organic,35-44,Spain
U1317,2024-06-03,Paid Search,25-34,UK
U1318,2024-05-09,Social Media,18-24,Germany
U1319,2024-04-24,Paid Search,45+,UK
U1320,2024-05-25,Referral,18-24,USA
U1321,2024-01-31,Social Media,25-34,Germany
U1322,2024-06-22,Organic,25-34,USA
U1323,2024-03-06,Referral,35-44,Germany
U1324,2024-03-30,Social Media,35-44,USA
U1325,2024-04-11,Social Media,18-24,UK
U1326,2024-05-04,Paid Search,45+,Spain
U1327,2024-03-07,Paid Search,18-24,Germany
U1328,2024-03-29,Referral,18-24,UK
U1329,2024-06-27,Organic,35-44,Germany
U1330,2024-05-29,Organic,18-24,Germany
U1331,2024-04-27,Social Media,35-44,UK
U1332,2024-02-07,Paid Search,18-24,UK
U1333,2024-05-05,Referral,25-34,Spain
U1334,2024-03-25,Paid Search,35-44,USA
U1335,2024-02-28,Referral,45+,Germany
U1336,2024-04-16,Social Media,35-44,UK
U1337,2024-04-30,Referral,18-24,Germany
U1338,2024-06-25,Social Media,35-44,USA
U1339,2024-06-06,Paid Search,45+,Germany
U1340,2024-01-19,Organic,18-24,UK
U1341,2024-01-14,Organic,35-44,UK
U1342,2024-06-26,Organic,25-34,USA
U1343,2024-03-19,Referral,35-44,USA
U1344,2024-02-03,Referral,35-44,Spain
U1345,2024-01-08,Social Media,25-34,Spain
U1346,2024-01-01,Paid Search,25-34,Spain
U1347,2024-02-25,Referral,18-24,USA
U1348,2024-03-10,Referral,35-44,Spain
U1349,2024-05-16,Organic,35-44,UK
U1350,2024-05-17,Social Media,45+,UK
U1351,2024-05-01,Referral,18-24,USA
U1352,2024-03-08,Social Media,35-44,Spain
U1353,2024-04-18,Paid Search,35-44,Germany
U1354,2024-03-03,Referral,45+,USA
U1355,2024-04-23,Social Media,18-24,UK
U1356,2024-02-16,Referral,25-34,UK
U1357,2024-04-27,Referral,25-34,USA
U1358,2024-01-14,Social Media,45+,USA
U1359,2024-03-23,Social Media,25-34,UK
U1360,2024-04-25,Paid Search,18-24,Germany
U1361,2024-05-20,Referral,45+,Spain
U1362,2024-06-11,Referral,45+,Germany
U1363,2024-03-31,Social Media,25-34,Germany
U1364,2024-04-16,Referral,18-24,UK
U1365,2024-05-17,Referral,35-44,Spain
U1366,2024-06-21,Referral,35-44,UK
U1367,2024-02-06,Organic,45+,Spain
U1368,2024-03-14,Paid Search,18-24,Spain
U1369,2024-03-22,Organic,25-34,Spain
U1370,2024-04-17,Paid Search,18-24,Germany
U1371,2024-01-13,Paid Search,18-24,USA
U1372,2024-01-18,Organic,25-34,UK
U1373,2024-03-06,Paid Search,25-34,Germany
U1374,2024-02-17,Referral,35-44,Spain
U1375,2024-01-13,Organic,25-34,Germany
U1376,2024-05-23,Organic,35-44,Spain
U1377,2024-06-19,Paid Search,25-34,Germany
U1378,2024-04-15,Organic,45+,Germany
U1379,2024-03-28,Paid Search,25-34,Spain
U1380,2024-04-09,Social Media,18-24,Germany
U1381,2024-02-28,Paid Search,45+,Spain
U1382,2024-04-28,Organic,25-34,USA
U1383,2024-06-15,Organic,35-44,Spain
U1384,2024-06-24,Paid Search,35-44,Spain
U1385,2024-05-17,Organic,18-24,UK
U1386,2024-04-09,Organic,18-24,Germany
U1387,2024-05-19,Social Media,18-24,Germany
U1388,2024-06-19,Social Media,25-34,USA
U1389,2024-05-29,Organic,35-44,UK
U1390,2024-06-22,Paid Search,25-34,Germany
U1391,2024-04-10,Organic,25-34,Spain
U1392,2024-04-26,Referral,18-24,Spain
U1393,2024-06-21,Organic,35-44,USA
U1394,2024-02-07,Social Media,45+,Germany
U1395,2024-03-16,Organic,45+,Germany
U1396,2024-05-11,Organic,35-44,Spain
U1397,2024-03-28,Referral,18-24,USA
U1398,2024-03-16,Paid Search,45+,USA
U1399,2024-03-28,Referral,45+,Germany
U1400,2024-04-02,Organic,25-34,Spain
U1401,2024-03-24,Organic,25-34,Spain
U1402,2024-05-06,Social Media,45+,Spain
U1403,2024-04-04,Organic,45+,USA
U1404,2024-02-12,Paid Search,25-34,USA
U1405,2024-05-04,Referral,18-24,USA
U1406,2024-04-23,Social Media,45+,Germany
U1407,2024-02-10,Organic,35-44,USA
U1408,2024-01-16,Referral,35-44,Germany
U1409,2024-04-17,Referral,45+,Spain
U1410,2024-01-03,Paid Search,35-44,Spain
U1411,2024-06-22,Organic,25-34,Germany
U1412,2024-01-26,Paid Search,35-44,Spain
U1413,2024-02-22,Organic,35-44,Spain
U1414,2024-02-20,Paid Search,45+,Germany
U1415,2024-01-02,Organic,45+,Spain
U1416,2024-03-12,Social Media,18-24,Spain
U1417,2024-01-25,Social Media,18-24,USA
U1418,2024-04-07,Referral,45+,Spain
U1419,2024-06-19,Organic,45+,Germany
U1420,2024-04-23,Referral,45+,UK
U1421,2024-04-14,Organic,45+,Germany
U1422,2024-03-06,Referral,18-24,Spain
U1423,2024-06-25,Social Media,25-34,USA
U1424,2024-03-26,Social Media,18-24,Germany
U1425,2024-02-17,Organic,45+,Germany
U1426,2024-02-09,Referral,45+,UK
U1427,2024-01-18,Referral,25-34,UK
U1428,2024-04-02,Social Media,18-24,UK
U1429,2024-06-01,Referral,35-44,USA
U1430,2024-02-07,Social Media,18-24,UK
U1431,2024-05-26,Paid Search,45+,Germany
U1432,2024-05-03,Paid Search,25-34,UK
U1433,2024-04-29,Paid Search,45+,USA
U1434,2024-03-11,Paid Search,35-44,USA
U1435,2024-03-06,Social Media,18-24,Spain
U1436,2024-04-26,Organic,25-34,USA
U1437,2024-04-08,Paid Search,25-34,Spain
U1438,2024-05-22,Social Media,35-44,USA
U1439,2024-06-09,Social Media,35-44,USA
U1440,2024-06-15,Paid Search,45+,Spain
U1441,2024-03-16,Paid Search,25-34,USA
U1442,2024-06-09,Social Media,18-24,USA
U1443,2024-01-04,Organic,45+,Germany
U1444,2024-04-24,Referral,45+,USA
U1445,2024-03-30,Organic,35-44,UK
U1446,2024-03-09,Organic,45+,UK
U1447,2024-01-01,Social Media,45+,USA
U1448,2024-02-04,Paid Search,25-34,UK
U1449,2024-02-24,Social Media,35-44,UK
U1450,2024-04-13,Paid Search,25-34,USA
U1451,2024-01-12,Social Media,35-44,Germany
U1452,2024-02-15,Referral,35-44,UK
U1453,2024-06-08,Social Media,25-34,UK
U1454,2024-06-29,Organic,35-44,Spain
U1455,2024-01-18,Social Media,45+,UK
U1456,2024-02-01,Paid Search,25-34,USA
U1457,2024-01-12,Referral,25-34,Spain
U1458,2024-05-05,Referral,45+,Germany
U1459,2024-05-15,Organic,18-24,Germany
U1460,2024-04-24,Social Media,35-44,USA
U1461,2024-03-23,Paid Search,25-34,Spain
U1462,2024-05-23,Paid Search,45+,Spain
U1463,2024-04-21,Referral,35-44,USA
U1464,2024-02-01,Organic,25-34,Spain
U1465,2024-06-10,Social Media,18-24,Spain
U1466,2024-06-16,Referral,35-44,Spain
U1467,2024-06-01,Organic,18-24,Germany
U1468,2024-04-26,Referral,18-24,Germany
U1469,2024-03-06,Paid Search,45+,UK
U1470,2024-06-10,Referral,25-34,Spain
U1471,2024-03-08,Social Media,25-34,UK
U1472,2024-06-12,Referral,18-24,USA
U1473,2024-05-30,Referral,18-24,Germany
U1474,2024-06-24,Social Media,35-44,Spain
U1475,2024-02-19,Paid Search,25-34,Germany
U1476,2024-05-15,Organic,35-44,Spain
U1477,2024-04-26,Organic,45+,UK
U1478,2024-04-11,Organic,18-24,Spain
U1479,2024-05-16,Organic,18-24,Germany
U1480,2024-06-06,Organic,45+,Germany
U1481,2024-05-30,Referral,45+,Spain
U1482,2024-05-03,Organic,35-44,USA
U1483,2024-01-05,Paid Search,35-44,Spain
U1484,2024-04-26,Organic,45+,USA
U1485,2024-01-11,Referral,35-44,Germany
U1486,2024-02-07,Paid Search,25-34,USA
U1487,2024-04-23,Referral,45+,Germany
U1488,2024-02-13,Organic,18-24,Germany
U1489,2024-03-31,Referral,45+,USA
U1490,2024-02-26,Social Media,35-44,USA
U1491,2024-04-03,Organic,25-34,Spain
U1492,2024-01-01,Referral,45+,Spain
U1493,2024-01-16,Paid Search,18-24,Spain
U1494,2024-04-10,Referral,45+,Spain
U1495,2024-04-14,Social Media,25-34,USA
U1496,2024-02-16,Paid Search,18-24,Germany
U1497,2024-06-22,Paid Search,35-44,Spain
U1498,2024-05-23,Organic,35-44,Spain
U1499,2024-01-07,Referral,45+,Spain
U1500,2024-05-18,Social Media,35-44,USA
U1501,2024-02-16,Paid Search,25-34,USA
U1502,2024-01-28,Organic,18-24,USA
U1503,2024-03-11,Organic,45+,Spain
U1504,2024-06-21,Organic,35-44,Germany
U1505,2024-01-12,Organic,45+,Spain
U1506,2024-01-01,Referral,45+,Germany
U1507,2024-06-18,Referral,35-44,Spain
U1508,2024-02-05,Organic,25-34,Spain
U1509,2024-03-07,Referral,25-34,Germany
U1510,2024-06-10,Organic,35-44,Germany
U1511,2024-04-08,Referral,35-44,UK
U1512,2024-05-09,Organic,45+,UK
U1513,2024-06-08,Social Media,18-24,Spain
U1514,2024-01-28,Referral,18-24,UK
U1515,2024-04-14,Paid Search,18-24,USA
U1516,2024-01-02,Organic,25-34,Spain
U1517,2024-06-13,Referral,45+,Germany
U1518,2024-01-29,Social Media,35-44,USA
U1519,2024-06-28,Social Media,25-34,UK
U1520,2024-06-23,Paid Search,35-44,Spain
U1521,2024-02-16,Paid Search,45+,USA
U1522,2024-06-16,Organic,35-44,Spain
U1523,2024-01-04,Paid Search,18-24,UK
U1524,2024-02-04,Social Media,25-34,UK
U1525,2024-02-15,Referral,45+,Spain
U1526,2024-04-19,Social Media,35-44,Spain
U1527,2024-04-23,Organic,35-44,USA
U1528,2024-05-09,Organic,18-24,Spain
U1529,2024-05-25,Social Media,45+,USA
U1530,2024-05-25,Referral,35-44,Germany
U1531,2024-05-07,Organic,25-34,UK
U1532,2024-03-10,Organic,25-34,UK
U1533,2024-02-11,Referral,35-44,USA
U1534,2024-06-23,Organic,18-24,USA
U1535,2024-04-30,Paid Search,18-24,Germany
U1536,2024-05-14,Social Media,25-34,UK
U1537,2024-05-02,Organic,18-24,Spain
U1538,2024-02-15,Paid Search,35-44,Spain
U1539,2024-02-19,Organic,45+,USA
U1540,2024-03-09,Social Media,25-34,Germany
U1541,2024-06-25,Paid Search,45+,UK
U1542,2024-02-02,Organic,18-24,UK
U1543,2024-06-01,Referral,45+,USA
U1544,2024-05-22,Social Media,25-34,UK
U1545,2024-04-19,Organic,25-34,Germany
U1546,2024-05-22,Social Media,18-24,UK
U1547,2024-01-19,Paid Search,18-24,UK
U1548,2024-06-01,Paid Search,25-34,USA
U1549,2024-05-15,Social Media,25-34,UK
U1550,2024-06-22,Paid Search,35-44,Spain
U1551,2024-04-19,Referral,25-34,Germany
U1552,2024-01-31,Referral,18-24,UK
U1553,2024-03-30,Organic,25-34,Germany
U1554,2024-06-29,Paid Search,35-44,UK
U1555,2024-04-29,Organic,25-34,USA
U1556,2024-02-22,Social Media,18-24,Germany
U1557,2024-05-12,Organic,45+,UK
U1558,2024-02-06,Social Media,45+,USA
U1559,2024-03-13,Referral,25-34,Spain
U1560,2024-05-02,Organic,18-24,Spain
U1561,2024-02-01,Social Media,25-34,Germany
U1562,2024-04-14,Referral,35-44,UK
U1563,2024-06-05,Paid Search,35-44,USA
U1564,2024-05-07,Organic,45+,Germany
U1565,2024-06-01,Social Media,45+,Spain
U1566,2024-05-25,Referral,18-24,UK
U1567,2024-02-18,Organic,25-34,USA
U1568,2024-03-26,Organic,25-34,UK
U1569,2024-05-14,Referral,25-34,USA
U1570,2024-03-20,Organic,35-44,Germany
U1571,2024-06-01,Paid Search,45+,USA
U1572,2024-03-23,Organic,45+,Spain
U1573,2024-04-06,Social Media,35-44,USA
U1574,2024-05-31,Referral,18-24,UK
U1575,2024-06-21,Referral,25-34,UK
U1576,2024-02-06,Paid Search,25-34,UK
U1577,2024-06-11,Social Media,18-24,Spain
U1578,2024-03-25,Referral,25-34,USA
U1579,2024-03-31,Referral,35-44,USA
U1580,2024-06-11,Paid Search,25-34,UK
U1581,2024-05-24,Organic,18-24,Germany
U1582,2024-01-26,Paid Search,18-24,Germany
U1583,2024-06-23,Paid Search,45+,UK
U1584,2024-04-24,Organic,35-44,Spain
U1585,2024-02-06,Social Media,25-34,USA
U1586,2024-01-23,Social Media,18-24,USA
U1587,2024-03-01,Organic,35-44,Germany
U1588,2024-03-12,Referral,45+,Spain
U1589,2024-01-29,Paid Search,25-34,USA
U1590,2024-05-14,Paid Search,25-34,Spain
U1591,2024-05-18,Organic,18-24,Spain
U1592,2024-05-12,Organic,25-34,UK
U1593,2024-06-09,Paid Search,45+,Spain
U1594,2024-05-20,Referral,45+,Germany
U1595,2024-05-06,Social Media,18-24,UK
U1596,2024-05-12,Organic,18-24,Spain
U1597,2024-03-01,Referral,18-24,Spain
U1598,2024-04-02,Paid Search,25-34,USA
U1599,2024-06-16,Organic,35-44,Spain
U1600,2024-05-11,Social Media,25-34,Spain
U1601,2024-02-22,Referral,45+,Spain
U1602,2024-01-16,Social Media,18-24,Spain
U1603,2024-03-24,Paid Search,18-24,Germany
U1604,2024-04-24,Referral,45+,Germany
U1605,2024-04-15,Organic,25-34,USA
U1606,2024-04-29,Organic,25-34,USA
U1607,2024-01-24,Paid Search,35-44,USA
U1608,2024-02-27,Organic,35-44,Germany
U1609,2024-04-19,Organic,35-44,Spain
U1610,2024-05-06,Referral,45+,USA
U1611,2024-06-09,Paid Search,45+,Germany
U1612,2024-03-15,Social Media,18-24,Spain
U1613,2024-03-18,Paid Search,18-24,Germany
U1614,2024-06-27,Social Media,45+,USA
U1615,2024-04-05,Organic,45+,Germany
U1616,2024-03-19,Paid Search,35-44,Germany
U1617,2024-03-13,Social Media,35-44,Germany
U1618,2024-06-19,Paid Search,35-44,USA
U1619,2024-01-30,Organic,35-44,USA
U1620,2024-03-03,Referral,45+,Spain
U1621,2024-04-29,Referral,45+,USA
U1622,2024-06-01,Paid Search,35-44,Spain
U1623,2024-01-19,Paid Search,45+,USA
U1624,2024-03-01,Referral,35-44,USA
U1625,2024-05-07,Paid Search,18-24,USA
U1626,2024-04-02,Referral,25-34,USA
U1627,2024-03-23,Referral,25-34,Spain
U1628,2024-03-09,Social Media,25-34,USA
U1629,2024-01-15,Paid Search,35-44,USA
U1630,2024-02-22,Social Media,35-44,UK
U1631,2024-03-09,Social Media,25-34,USA
U1632,2024-05-17,Social Media,35-44,Spain
U1633,2024-04-22,Referral,35-44,Spain
U1634,2024-05-14,Referral,25-34,USA
U1635,2024-02-12,Referral,25-34,UK
U1636,2024-04-12,Organic,45+,UK
U1637,2024-01-28,Social Media,35-44,Spain
U1638,2024-04-19,Referral,25-34,UK
U1639,2024-04-07,Referral,25-34,Germany
U1640,2024-04-09,Paid Search,35-44,USA
U1641,2024-03-26,Paid Search,25-34,UK
U1642,2024-04-01,Organic,25-34,USA
U1643,2024-02-16,Social Media,25-34,USA
U1644,2024-03-01,Paid Search,18-24,Germany
U1645,2024-05-05,Paid Search,45+,Spain
U1646,2024-04-13,Organic,18-24,USA
U1647,2024-02-17,Referral,25-34,UK
U1648,2024-06-26,Organic,35-44,USA
U1649,2024-05-04,Referral,45+,Spain
U1650,2024-05-09,Paid Search,35-44,UK
U1651,2024-02-26,Paid Search,18-24,USA
U1652,2024-06-20,Paid Search,25-34,UK
U1653,2024-01-21,Referral,18-24,Spain
U1654,2024-01-22,Referral,18-24,USA
U1655,2024-01-05,Social Media,35-44,Germany
U1656,2024-01-07,Referral,35-44,Spain
U1657,2024-01-23,Organic,35-44,UK
U1658,2024-04-29,Social Media,45+,Germany
U1659,2024-04-25,Organic,45+,USA
U1660,2024-05-21,Referral,35-44,USA
U1661,2024-01-08,Referral,25-34,USA
U1662,2024-04-19,Paid Search,35-44,Spain
U1663,2024-01-15,Referral,25-34,USA
U1664,2024-01-01,Paid Search,25-34,UK
U1665,2024-04-08,Paid Search,25-34,Germany
U1666,2024-04-23,Paid Search,35-44,Spain
U1667,2024-06-18,Paid Search,25-34,Spain
U1668,2024-01-10,Social Media,45+,Germany
U1669,2024-03-15,Paid Search,35-44,UK
U1670,2024-03-31,Social Media,45+,UK
U1671,2024-05-08,Organic,45+,UK
U1672,2024-03-18,Paid Search,18-24,UK
U1673,2024-04-17,Social Media,25-34,Spain
U1674,2024-05-24,Paid Search,18-24,USA
U1675,2024-06-18,Organic,35-44,Spain
U1676,2024-04-03,Organic,45+,Germany
U1677,2024-05-06,Referral,35-44,Germany
U1678,2024-02-08,Organic,18-24,UK
U1679,2024-02-01,Social Media,35-44,Spain
U1680,2024-06-02,Social Media,25-34,Germany
U1681,2024-04-17,Paid Search,18-24,Spain
U1682,2024-06-26,Paid Search,25-34,Spain
U1683,2024-05-19,Social Media,45+,Spain
U1684,2024-06-13,Social Media,18-24,Germany
U1685,2024-05-07,Social Media,35-44,USA
U1686,2024-04-14,Social Media,45+,Spain
U1687,2024-06-28,Paid Search,35-44,USA
U1688,2024-01-14,Organic,35-44,Spain
U1689,2024-04-27,Referral,35-44,UK
U1690,2024-03-11,Referral,35-44,Spain
U1691,2024-02-24,Social Media,35-44,UK
U1692,2024-06-06,Social Media,45+,UK
U1693,2024-06-26,Referral,35-44,Germany
U1694,2024-03-29,Paid Search,25-34,Spain
U1695,2024-06-24,Paid Search,25-34,Germany
U1696,2024-02-14,Organic,18-24,Germany
U1697,2024-01-14,Social Media,25-34,USA
U1698,2024-04-22,Organic,45+,Germany
U1699,2024-05-21,Social Media,25-34,UK
U1700,2024-05-01,Paid Search,18-24,Germany
U1701,2024-01-10,Organic,45+,Spain
U1702,2024-06-13,Organic,35-44,UK
U1703,2024-01-13,Paid Search,25-34,Spain
U1704,2024-06-23,Social Media,45+,UK
U1705,2024-01-31,Social Media,35-44,UK
U1706,2024-02-09,Social Media,25-34,Germany
U1707,2024-06-10,Organic,18-24,UK
U1708,2024-02-24,Social Media,18-24,Germany
U1709,2024-01-01,Social Media,25-34,Spain
U1710,2024-05-02,Social Media,25-34,Germany
U1711,2024-06-27,Referral,18-24,Spain
U1712,2024-01-25,Social Media,45+,Germany
U1713,2024-06-10,Social Media,25-34,USA
U1714,2024-05-16,Organic,18-24,UK
U1715,2024-04-08,Organic,18-24,UK
U1716,2024-03-08,Paid Search,45+,UK
U1717,2024-05-29,Organic,35-44,Germany
U1718,2024-03-06,Referral,45+,Spain
U1719,2024-03-20,Paid Search,45+,UK
U1720,2024-04-08,Social Media,25-34,Spain
U1721,2024-05-25,Paid Search,25-34,UK
U1722,2024-01-14,Social Media,35-44,Spain
U1723,2024-05-03,Organic,18-24,USA
U1724,2024-04-06,Organic,35-44,Spain
U1725,2024-02-29,Organic,45+,UK
U1726,2024-05-30,Referral,35-44,Spain
U1727,2024-06-05,Paid Search,45+,UK
U1728,2024-05-16,Paid Search,18-24,Germany
U1729,2024-06-13,Organic,25-34,USA
U1730,2024-05-29,Organic,25-34,Spain
U1731,2024-06-21,Organic,18-24,Germany
U1732,2024-06-11,Social Media,18-24,Germany
U1733,2024-05-22,Organic,45+,Spain
U1734,2024-03-11,Paid Search,45+,Germany
U1735,2024-05-01,Paid Search,35-44,Spain
U1736,2024-02-08,Paid Search,25-34,UK
U1737,2024-01-20,Referral,45+,Germany
U1738,2024-04-26,Referral,18-24,Germany
U1739,2024-06-13,Referral,25-34,UK
U1740,2024-05-28,Referral,45+,Germany
U1741,2024-01-17,Organic,18-24,Germany
U1742,2024-03-27,Referral,45+,Germany
U1743,2024-03-23,Social Media,25-34,USA
U1744,2024-03-02,Social Media,25-34,UK
U1745,2024-06-11,Social Media,18-24,Germany
U1746,2024-02-05,Paid Search,25-34,Spain
U1747,2024-03-24,Referral,18-24,Spain
U1748,2024-04-06,Social Media,35-44,Germany
U1749,2024-02-03,Social Media,25-34,UK
U1750,2024-06-16,Referral,18-24,Spain
U1751,2024-03-27,Social Media,25-34,Germany
U1752,2024-02-12,Paid Search,35-44,Spain
U1753,2024-05-24,Paid Search,35-44,UK
U1754,2024-02-08,Social Media,35-44,UK
U1755,2024-04-03,Social Media,45+,Spain
U1756,2024-03-12,Social Media,25-34,Spain
U1757,2024-03-10,Referral,45+,USA
U1758,2024-05-26,Paid Search,45+,USA
U1759,2024-03-30,Organic,35-44,USA
U1760,2024-06-03,Paid Search,45+,Spain
U1761,2024-04-04,Referral,35-44,USA
U1762,2024-05-22,Referral,18-24,UK
U1763,2024-02-13,Referral,25-34,Spain
U1764,2024-03-25,Organic,18-24,Germany
U1765,2024-02-01,Organic,25-34,Spain
U1766,2024-05-14,Paid Search,18-24,Spain
U1767,2024-04-20,Organic,25-34,Spain
U1768,2024-01-28,Organic,45+,UK
U1769,2024-04-18,Social Media,45+,Spain
U1770,2024-03-09,Paid Search,45+,UK
U1771,2024-05-16,Social Media,35-44,Spain
U1772,2024-01-16,Organic,45+,UK
U1773,2024-01-18,Referral,18-24,Spain
U1774,2024-02-21,Organic,25-34,Germany
U1775,2024-06-14,Social Media,35-44,UK
U1776,2024-04-23,Paid Search,45+,Spain
U1777,2024-01-31,Social Media,35-44,USA
U1778,2024-06-06,Paid Search,45+,USA
U1779,2024-05-04,Social Media,18-24,Spain
U1780,2024-04-26,Paid Search,45+,USA
U1781,2024-02-01,Social Media,25-34,Germany
U1782,2024-01-04,Social Media,25-34,Spain
U1783,2024-01-07,Referral,25-34,Spain
U1784,2024-03-05,Organic,18-24,Germany
U1785,2024-03-15,Referral,25-34,Spain
U1786,2024-05-16,Referral,45+,UK
U1787,2024-06-22,Referral,18-24,Germany
U1788,2024-05-27,Organic,35-44,UK
U1789,2024-02-11,Social Media,18-24,Germany
U1790,2024-02-05,Social Media,35-44,UK
U1791,2024-04-20,Paid Search,25-34,Spain
U1792,2024-02-03,Paid Search,45+,Germany
U1793,2024-05-28,Social Media,45+,USA
U1794,2024-05-05,Referral,18-24,Germany
U1795,2024-01-15,Organic,18-24,UK
U1796,2024-04-05,Social Media,45+,USA
U1797,2024-04-23,Organic,25-34,USA
U1798,2024-02-09,Organic,45+,Germany
U1799,2024-01-07,Social Media,18-24,Spain
U1800,2024-06-28,Organic,45+,Spain
U1801,2024-04-18,Organic,35-44,Germany
U1802,2024-03-20,Social Media,45+,Spain
U1803,2024-01-19,Organic,45+,Germany
U1804,2024-03-10,Paid Search,45+,USA
U1805,2024-05-02,Referral,25-34,USA
U1806,2024-04-14,Paid Search,35-44,USA
U1807,2024-01-20,Social Media,35-44,Spain
U1808,2024-03-31,Organic,45+,USA
U1809,2024-01-21,Referral,35-44,USA
U1810,2024-05-12,Paid Search,18-24,USA
U1811,2024-01-28,Referral,18-24,UK
U1812,2024-05-20,Referral,35-44,USA
U1813,2024-01-20,Referral,18-24,USA
U1814,2024-04-29,Social Media,35-44,USA
U1815,2024-02-28,Organic,18-24,Germany
U1816,2024-03-25,Organic,25-34,UK
U1817,2024-06-03,Organic,35-44,USA
U1818,2024-05-27,Paid Search,25-34,USA
U1819,2024-06-05,Referral,18-24,Germany
U1820,2024-01-03,Social Media,25-34,UK
U1821,2024-02-03,Organic,35-44,USA
U1822,2024-03-14,Referral,45+,UK
U1823,2024-02-26,Paid Search,25-34,Germany
U1824,2024-03-07,Paid Search,45+,UK
U1825,2024-06-02,Paid Search,35-44,UK
U1826,2024-01-24,Paid Search,45+,UK
U1827,2024-05-22,Referral,35-44,UK
U1828,2024-05-31,Paid Search,45+,USA
U1829,2024-02-25,Referral,45+,Spain
U1830,2024-04-23,Social Media,45+,UK
U1831,2024-04-15,Referral,25-34,USA
U1832,2024-05-23,Social Media,45+,Germany
U1833,2024-05-21,Referral,35-44,Germany
U1834,2024-05-11,Organic,35-44,USA
U1835,2024-06-11,Referral,18-24,UK
U1836,2024-02-01,Social Media,45+,Spain
U1837,2024-04-14,Social Media,45+,Germany
U1838,2024-06-07,Organic,18-24,UK
U1839,2024-04-09,Social Media,25-34,UK
U1840,2024-04-05,Organic,25-34,Spain
U1841,2024-01-06,Paid Search,25-34,Germany
U1842,2024-04-24,Referral,25-34,UK
U1843,2024-02-20,Social Media,18-24,Germany
U1844,2024-05-04,Social Media,35-44,USA
U1845,2024-05-21,Social Media,18-24,Spain
U1846,2024-05-14,Social Media,25-34,UK
U1847,2024-01-01,Referral,45+,USA
U1848,2024-05-20,Organic,45+,Germany
U1849,2024-04-04,Paid Search,25-34,Germany
U1850,2024-05-05,Organic,45+,Germany
U1851,2024-02-12,Social Media,45+,Germany
U1852,2024-03-23,Paid Search,25-34,Spain
U1853,2024-04-13,Paid Search,35-44,USA
U1854,2024-03-03,Paid Search,45+,Germany
U1855,2024-03-21,Organic,45+,USA
U1856,2024-03-14,Paid Search,25-34,USA
U1857,2024-03-15,Paid Search,18-24,USA
U1858,2024-04-11,Referral,35-44,Germany
U1859,2024-06-08,Paid Search,35-44,USA
U1860,2024-03-31,Paid Search,45+,Spain
U1861,2024-03-04,Paid Search,45+,USA
U1862,2024-06-08,Referral,18-24,UK
U1863,2024-01-29,Organic,35-44,Spain
U1864,2024-03-30,Organic,45+,UK
U1865,2024-05-10,Social Media,45+,USA
U1866,2024-05-13,Paid Search,35-44,Spain
U1867,2024-06-12,Referral,25-34,Germany
U1868,2024-04-10,Social Media,18-24,UK
U1869,2024-03-11,Paid Search,18-24,Germany
U1870,2024-05-29,Social Media,35-44,USA
U1871,2024-05-21,Organic,18-24,USA
U1872,2024-02-28,Social Media,18-24,Germany
U1873,2024-06-08,Organic,25-34,UK
U1874,2024-01-02,Paid Search,25-34,USA
U1875,2024-02-05,Social Media,35-44,Spain
U1876,2024-06-04,Social Media,25-34,UK
U1877,2024-04-29,Paid Search,35-44,Germany
U1878,2024-05-02,Referral,25-34,Spain
U1879,2024-04-26,Paid Search,45+,USA
U1880,2024-04-24,Social Media,35-44,Spain
U1881,2024-01-13,Referral,18-24,UK
U1882,2024-01-12,Referral,25-34,UK
U1883,2024-03-16,Paid Search,45+,Germany
U1884,2024-05-22,Referral,45+,Spain
U1885,2024-05-26,Organic,45+,UK
U1886,2024-02-24,Referral,25-34,USA
U1887,2024-03-09,Paid Search,25-34,USA
U1888,2024-03-28,Organic,35-44,UK
U1889,2024-04-17,Organic,25-34,Germany
U1890,2024-05-17,Organic,45+,Spain
U1891,2024-04-08,Social Media,45+,UK
U1892,2024-03-30,Paid Search,25-34,Germany
U1893,2024-03-16,Referral,25-34,Spain
U1894,2024-06-25,Paid Search,18-24,Spain
U1895,2024-02-18,Referral,18-24,USA
U1896,2024-05-28,Referral,18-24,UK
U1897,2024-04-18,Referral,25-34,Germany
U1898,2024-03-03,Social Media,35-44,Germany
U1899,2024-01-12,Social Media,25-34,Spain
U1900,2024-05-31,Organic,45+,Germany
U1901,2024-05-09,Social Media,35-44,Spain
U1902,2024-06-16,Paid Search,25-34,Spain
U1903,2024-02-07,Social Media,35-44,USA
U1904,2024-05-17,Paid Search,18-24,Spain
U1905,2024-04-19,Paid Search,45+,UK
U1906,2024-05-16,Social Media,35-44,UK
U1907,2024-03-20,Social Media,25-34,Spain
U1908,2024-06-07,Paid Search,25-34,USA
U1909,2024-01-25,Organic,35-44,Spain
U1910,2024-05-17,Paid Search,45+,UK
U1911,2024-06-14,Referral,35-44,USA
U1912,2024-04-26,Social Media,35-44,USA
U1913,2024-04-05,Paid Search,18-24,UK
U1914,2024-03-03,Social Media,25-34,Germany
U1915,2024-02-23,Referral,18-24,USA
U1916,2024-04-08,Organic,18-24,UK
U1917,2024-04-07,Paid Search,35-44,Germany
U1918,2024-03-09,Social Media,18-24,Spain
U1919,2024-05-03,Referral,25-34,UK
U1920,2024-03-29,Referral,25-34,USA
U1921,2024-01-14,Referral,25-34,USA
U1922,2024-02-04,Social Media,35-44,UK
U1923,2024-05-01,Social Media,45+,USA
U1924,2024-03-19,Social Media,45+,UK
U1925,2024-05-15,Referral,18-24,USA
U1926,2024-05-12,Paid Search,25-34,UK
U1927,2024-02-25,Organic,18-24,Spain
U1928,2024-02-16,Social Media,45+,USA
U1929,2024-04-18,Referral,35-44,UK
U1930,2024-05-18,Referral,25-34,USA
U1931,2024-04-25,Organic,45+,UK
U1932,2024-02-21,Referral,45+,Spain
U1933,2024-02-15,Social Media,35-44,Germany
U1934,2024-01-14,Social Media,25-34,UK
U1935,2024-01-21,Organic,25-34,Spain
U1936,2024-06-29,Referral,45+,Germany
U1937,2024-06-17,Social Media,45+,Spain
U1938,2024-05-26,Organic,45+,Spain
U1939,2024-04-03,Organic,45+,Spain
U1940,2024-02-22,Social Media,45+,Spain
U1941,2024-01-29,Paid Search,45+,UK
U1942,2024-01-01,Organic,45+,Germany
U1943,2024-03-19,Organic,45+,Germany
U1944,2024-05-04,Organic,18-24,USA
U1945,2024-05-29,Referral,25-34,UK
U1946,2024-01-13,Social Media,25-34,Spain
U1947,2024-01-06,Social Media,35-44,Germany
U1948,2024-02-05,Organic,18-24,UK
U1949,2024-01-18,Referral,18-24,Spain
U1950,2024-02-22,Social Media,18-24,USA
U1951,2024-04-09,Organic,35-44,Spain
U1952,2024-05-06,Referral,25-34,Germany
U1953,2024-01-07,Paid Search,25-34,Germany
U1954,2024-04-30,Paid Search,18-24,UK
U1955,2024-06-06,Paid Search,25-34,Spain
U1956,2024-04-14,Paid Search,45+,USA
U1957,2024-06-11,Social Media,35-44,USA
U1958,2024-02-27,Social Media,35-44,USA
U1959,2024-04-13,Organic,35-44,UK
U1960,2024-05-31,Organic,25-34,USA
U1961,2024-06-07,Social Media,25-34,Spain
U1962,2024-05-29,Organic,45+,Spain
U1963,2024-01-27,Referral,25-34,Germany
U1964,2024-06-23,Referral,18-24,USA
U1965,2024-02-29,Referral,18-24,Germany
U1966,2024-05-30,Referral,45+,USA
U1967,2024-01-12,Paid Search,35-44,USA
U1968,2024-01-23,Referral,25-34,Spain
U1969,2024-03-11,Organic,35-44,Spain
U1970,2024-04-30,Referral,18-24,Germany
U1971,2024-02-20,Referral,35-44,Spain
U1972,2024-06-10,Organic,18-24,Spain
U1973,2024-03-03,Organic,18-24,Germany
U1974,2024-05-13,Organic,25-34,Spain
U1975,2024-02-15,Paid Search,35-44,Germany
U1976,2024-03-02,Referral,45+,UK
U1977,2024-06-09,Paid Search,35-44,UK
U1978,2024-05-13,Paid Search,35-44,UK
U1979,2024-05-15,Organic,35-44,USA
U1980,2024-02-10,Social Media,18-24,UK
U1981,2024-06-14,Paid Search,18-24,Germany
U1982,2024-04-28,Referral,18-24,Spain
U1983,2024-01-03,Social Media,18-24,USA
U1984,2024-01-15,Social Media,35-44,USA
U1985,2024-04-28,Organic,45+,Spain
U1986,2024-06-23,Social Media,25-34,UK
U1987,2024-03-16,Paid Search,35-44,UK
U1988,2024-03-01,Organic,45+,UK
U1989,2024-04-14,Social Media,35-44,Spain
U1990,2024-03-20,Paid Search,45+,Germany
U1991,2024-01-08,Referral,25-34,Germany
U1992,2024-06-29,Referral,35-44,USA
U1993,2024-01-21,Paid Search,18-24,UK
U1994,2024-04-10,Social Media,45+,USA
U1995,2024-04-01,Paid Search,18-24,Germany
U1996,2024-01-31,Social Media,25-34,USA
U1997,2024-06-02,Social Media,45+,USA
U1998,2024-06-04,Paid Search,45+,Spain
U1999,2024-05-16,Organic,25-34,Germany
U2000,2024-01-10,Paid Search,18-24,UK
U2001,2024-02-09,Organic,35-44,USA
U2002,2024-06-10,Referral,35-44,USA
U2003,2024-01-22,Organic,18-24,UK
U2004,2024-02-16,Social Media,45+,Spain
U2005,2024-01-21,Paid Search,25-34,USA
U2006,2024-04-04,Paid Search,35-44,USA
U2007,2024-05-20,Organic,45+,USA
U2008,2024-02-11,Paid Search,25-34,Spain
U2009,2024-02-16,Social Media,35-44,Spain
U2010,2024-01-15,Referral,35-44,UK
U2011,2024-06-24,Paid Search,45+,USA
U2012,2024-03-29,Referral,35-44,USA
U2013,2024-01-04,Paid Search,45+,Spain
U2014,2024-01-19,Paid Search,45+,USA
U2015,2024-01-04,Referral,25-34,Germany
U2016,2024-04-29,Referral,25-34,Germany
U2017,2024-05-21,Paid Search,18-24,UK
U2018,2024-06-18,Social Media,18-24,UK
U2019,2024-04-07,Organic,35-44,USA
U2020,2024-06-23,Social Media,45+,Spain
U2021,2024-03-26,Paid Search,25-34,Spain
U2022,2024-02-26,Organic,45+,USA
U2023,2024-03-15,Organic,25-34,USA
U2024,2024-06-16,Organic,45+,UK
U2025,2024-06-28,Referral,45+,USA
U2026,2024-04-10,Referral,25-34,UK
U2027,2024-02-29,Referral,18-24,Spain
U2028,2024-01-12,Social Media,45+,USA
U2029,2024-01-19,Paid Search,18-24,USA
U2030,2024-06-11,Referral,45+,Germany
U2031,2024-05-27,Social Media,45+,Germany
U2032,2024-02-25,Organic,35-44,USA
U2033,2024-06-05,Paid Search,35-44,UK
U2034,2024-01-29,Social Media,18-24,UK
U2035,2024-04-30,Organic,25-34,Spain
U2036,2024-02-03,Social Media,25-34,Germany
U2037,2024-04-19,Organic,45+,UK
U2038,2024-01-22,Social Media,35-44,USA
U2039,2024-01-19,Referral,35-44,Germany
U2040,2024-05-21,Referral,18-24,UK
U2041,2024-04-02,Social Media,35-44,Spain
U2042,2024-03-07,Social Media,45+,UK
U2043,2024-01-25,Social Media,18-24,Germany
U2044,2024-02-11,Referral,45+,UK
U2045,2024-03-09,Social Media,45+,Germany
U2046,2024-06-14,Referral,45+,USA
U2047,2024-02-07,Referral,25-34,Spain
U2048,2024-05-11,Paid Search,35-44,Spain
U2049,2024-02-16,Social Media,25-34,Spain
U2050,2024-01-28,Referral,25-34,UK
U2051,2024-04-26,Paid Search,45+,USA
U2052,2024-04-16,Social Media,18-24,UK
U2053,2024-04-25,Referral,35-44,USA
U2054,2024-04-21,Paid Search,18-24,Germany
U2055,2024-05-30,Paid Search,25-34,Germany
U2056,2024-02-08,Social Media,45+,UK
U2057,2024-06-08,Paid Search,45+,UK
U2058,2024-04-29,Social Media,35-44,UK
U2059,2024-05-19,Social Media,18-24,UK
U2060,2024-05-29,Organic,45+,UK
U2061,2024-05-02,Referral,18-24,Spain
U2062,2024-05-30,Referral,25-34,Germany
U2063,2024-05-11,Paid Search,25-34,Spain
U2064,2024-01-10,Paid Search,25-34,USA
U2065,2024-02-29,Referral,18-24,UK
U2066,2024-01-27,Organic,45+,UK
U2067,2024-06-24,Social Media,25-34,Germany
U2068,2024-02-06,Paid Search,35-44,USA
U2069,2024-05-10,Social Media,18-24,USA
U2070,2024-02-25,Paid Search,25-34,USA
U2071,2024-01-06,Social Media,45+,USA
U2072,2024-01-20,Organic,35-44,Spain
U2073,2024-01-30,Organic,18-24,UK
U2074,2024-02-10,Referral,25-34,Germany
U2075,2024-01-13,Paid Search,45+,Germany
U2076,2024-06-05,Organic,25-34,USA
U2077,2024-01-12,Organic,35-44,USA
U2078,2024-03-15,Paid Search,18-24,UK
U2079,2024-06-14,Organic,18-24,Spain
U2080,2024-06-06,Social Media,35-44,Spain
U2081,2024-01-22,Paid Search,18-24,UK
U2082,2024-01-23,Social Media,25-34,Spain
U2083,2024-02-27,Social Media,45+,USA
U2084,2024-02-28,Paid Search,25-34,Spain
U2085,2024-05-29,Paid Search,25-34,Germany
U2086,2024-03-03,Organic,45+,UK
U2087,2024-02-19,Paid Search,18-24,Spain
U2088,2024-02-18,Organic,18-24,USA
U2089,2024-01-18,Referral,35-44,Germany
U2090,2024-02-09,Organic,25-34,UK
U2091,2024-06-15,Social Media,35-44,USA
U2092,2024-01-04,Paid Search,18-24,Spain
U2093,2024-05-14,Social Media,18-24,UK
U2094,2024-06-20,Paid Search,25-34,UK
U2095,2024-05-09,Referral,18-24,UK
U2096,2024-03-17,Organic,18-24,UK
U2097,2024-05-10,Organic,18-24,Spain
U2098,2024-05-11,Paid Search,35-44,USA
U2099,2024-02-20,Paid Search,18-24,Spain
U2100,2024-02-24,Organic,25-34,Spain
U2101,2024-02-22,Organic,18-24,Germany
U2102,2024-04-30,Paid Search,45+,USA
U2103,2024-03-23,Paid Search,45+,USA
U2104,2024-02-22,Referral,35-44,UK
U2105,2024-01-13,Paid Search,35-44,USA
U2106,2024-05-03,Organic,35-44,Spain
U2107,2024-06-01,Social Media,25-34,Germany
U2108,2024-03-27,Paid Search,35-44,USA
U2109,2024-04-06,Organic,35-44,Germany
U2110,2024-02-11,Organic,25-34,Germany
U2111,2024-06-10,Social Media,45+,UK
U2112,2024-01-18,Organic,25-34,USA
U2113,2024-03-30,Paid Search,45+,Germany
U2114,2024-01-15,Referral,18-24,Germany
U2115,2024-03-26,Social Media,45+,UK
U2116,2024-03-25,Social Media,25-34,Germany
U2117,2024-04-13,Organic,25-34,UK
U2118,2024-02-14,Referral,18-24,Germany
U2119,2024-03-27,Social Media,35-44,Spain
U2120,2024-02-29,Paid Search,18-24,Germany
U2121,2024-05-03,Social Media,18-24,Spain
U2122,2024-05-12,Paid Search,45+,Spain
U2123,2024-03-01,Referral,45+,UK
U2124,2024-03-04,Referral,18-24,Spain
U2125,2024-06-19,Organic,45+,Germany
U2126,2024-01-04,Paid Search,18-24,UK
U2127,2024-05-30,Paid Search,25-34,UK
U2128,2024-04-04,Organic,25-34,Germany
U2129,2024-06-11,Organic,45+,Spain
U2130,2024-01-22,Referral,35-44,Germany
U2131,2024-05-20,Referral,45+,USA
U2132,2024-01-26,Organic,45+,UK
U2133,2024-01-23,Organic,35-44,Spain
U2134,2024-01-24,Organic,25-34,UK
U2135,2024-05-03,Referral,35-44,Spain
U2136,2024-06-25,Paid Search,25-34,Germany
U2137,2024-01-02,Referral,25-34,Germany
U2138,2024-05-08,Referral,18-24,USA
U2139,2024-03-12,Organic,25-34,UK
U2140,2024-02-01,Social Media,45+,Germany
U2141,2024-03-28,Paid Search,45+,Spain
U2142,2024-06-24,Referral,18-24,UK
U2143,2024-06-01,Social Media,45+,Spain
U2144,2024-05-13,Organic,18-24,UK
U2145,2024-03-02,Organic,45+,Spain
U2146,2024-06-09,Organic,45+,Germany
U2147,2024-02-27,Social Media,18-24,UK
U2148,2024-03-11,Paid Search,18-24,Spain
U2149,2024-01-17,Social Media,35-44,USA
U2150,2024-04-24,Social Media,18-24,Spain
U2151,2024-05-11,Referral,35-44,UK
U2152,2024-05-28,Paid Search,25-34,USA
U2153,2024-06-12,Paid Search,25-34,Germany
U2154,2024-06-24,Referral,35-44,USA
U2155,2024-05-09,Social Media,45+,Germany
U2156,2024-03-17,Organic,18-24,Germany
U2157,2024-04-18,Paid Search,18-24,Germany
U2158,2024-03-14,Paid Search,18-24,Germany
U2159,2024-01-18,Social Media,45+,Germany
U2160,2024-03-05,Social Media,45+,Germany
U2161,2024-02-29,Paid Search,18-24,UK
U2162,2024-06-08,Social Media,35-44,Germany
U2163,2024-05-11,Organic,25-34,UK
U2164,2024-02-03,Social Media,18-24,UK
U2165,2024-06-17,Organic,45+,Germany
U2166,2024-06-08,Social Media,35-44,Spain
U2167,2024-03-28,Referral,35-44,USA
U2168,2024-06-06,Paid Search,35-44,Spain
U2169,2024-02-27,Referral,18-24,UK
U2170,2024-03-19,Referral,18-24,Germany
U2171,2024-04-30,Organic,25-34,UK
U2172,2024-03-26,Organic,45+,UK
U2173,2024-05-12,Organic,25-34,Germany
U2174,2024-03-07,Referral,25-34,Germany
U2175,2024-06-15,Referral,18-24,Germany
U2176,2024-03-04,Organic,45+,Spain
U2177,2024-06-03,Organic,45+,Germany
U2178,2024-04-14,Social Media,35-44,Spain
U2179,2024-03-22,Social Media,25-34,USA
U2180,2024-05-21,Organic,45+,Spain
U2181,2024-03-24,Paid Search,35-44,Spain
U2182,2024-05-24,Referral,18-24,Germany
U2183,2024-05-16,Referral,18-24,UK
U2184,2024-04-03,Organic,45+,USA
U2185,2024-03-28,Organic,25-34,Spain
U2186,2024-03-05,Referral,18-24,Spain
U2187,2024-04-24,Referral,25-34,USA
U2188,2024-06-22,Social Media,25-34,USA
U2189,2024-06-19,Organic,35-44,Germany
U2190,2024-02-10,Paid Search,45+,Spain
U2191,2024-03-03,Organic,25-34,Spain
U2192,2024-04-28,Social Media,18-24,USA
U2193,2024-03-07,Organic,35-44,Spain
U2194,2024-04-11,Social Media,18-24,USA
U2195,2024-06-05,Organic,25-34,Germany
U2196,2024-04-15,Social Media,35-44,Germany
U2197,2024-02-09,Social Media,25-34,Germany
U2198,2024-05-12,Social Media,25-34,Spain
U2199,2024-01-25,Referral,25-34,Spain
U2200,2024-06-28,Referral,35-44,Spain
U2201,2024-06-12,Paid Search,35-44,UK
U2202,2024-04-18,Social Media,25-34,UK
U2203,2024-05-18,Paid Search,25-34,USA
U2204,2024-05-31,Referral,45+,Spain
U2205,2024-04-11,Paid Search,25-34,UK
U2206,2024-01-23,Social Media,45+,UK
U2207,2024-04-17,Paid Search,45+,Germany
U2208,2024-05-08,Social Media,18-24,USA
U2209,2024-04-01,Social Media,45+,USA
U2210,2024-01-19,Social Media,35-44,USA
U2211,2024-03-21,Paid Search,18-24,UK
U2212,2024-05-15,Paid Search,18-24,UK
U2213,2024-05-16,Referral,45+,UK
U2214,2024-05-16,Referral,18-24,UK
U2215,2024-04-08,Paid Search,45+,USA
U2216,2024-02-08,Organic,18-24,Germany
U2217,2024-01-07,Organic,45+,UK
U2218,2024-01-17,Referral,35-44,UK
U2219,2024-06-04,Organic,25-34,Germany
U2220,2024-03-24,Organic,25-34,USA
U2221,2024-02-04,Paid Search,25-34,Spain
U2222,2024-05-28,Paid Search,35-44,UK
U2223,2024-03-02,Social Media,25-34,Germany
U2224,2024-06-01,Referral,35-44,Germany
U2225,2024-05-23,Social Media,25-34,UK
U2226,2024-02-15,Paid Search,18-24,UK
U2227,2024-02-27,Organic,25-34,USA
U2228,2024-05-09,Social Media,25-34,UK
U2229,2024-02-28,Referral,18-24,Spain
U2230,2024-03-14,Paid Search,18-24,UK
U2231,2024-05-02,Social Media,35-44,UK
U2232,2024-03-31,Referral,25-34,USA
U2233,2024-05-24,Organic,18-24,Germany
U2234,2024-04-01,Social Media,25-34,USA
U2235,2024-01-21,Organic,45+,Spain
U2236,2024-03-03,Organic,45+,Spain
U2237,2024-06-14,Referral,35-44,Spain
U2238,2024-01-15,Referral,18-24,Spain
U2239,2024-05-30,Paid Search,45+,USA
U2240,2024-04-29,Paid Search,35-44,UK
U2241,2024-03-15,Social Media,45+,Spain
U2242,2024-04-24,Referral,35-44,USA
U2243,2024-01-17,Social Media,18-24,USA
U2244,2024-02-13,Social Media,45+,Spain
U2245,2024-06-05,Organic,35-44,Germany
U2246,2024-02-23,Social Media,45+,Spain
U2247,2024-06-10,Social Media,18-24,UK
U2248,2024-06-11,Social Media,45+,USA
U2249,2024-01-24,Referral,25-34,USA
U2250,2024-06-21,Referral,18-24,Spain
U2251,2024-06-05,Referral,25-34,Germany
U2252,2024-01-20,Paid Search,18-24,Spain
U2253,2024-01-20,Referral,25-34,UK
U2254,2024-04-17,Paid Search,18-24,Germany
U2255,2024-04-13,Paid Search,45+,Germany
U2256,2024-04-13,Organic,35-44,Spain
U2257,2024-02-25,Social Media,45+,USA
U2258,2024-04-17,Referral,45+,Spain
U2259,2024-02-05,Organic,45+,USA
U2260,2024-05-11,Referral,18-24,Spain
U2261,2024-02-20,Organic,35-44,UK
U2262,2024-04-29,Social Media,45+,Spain
U2263,2024-02-17,Social Media,45+,USA
U2264,2024-03-18,Organic,45+,Spain
U2265,2024-06-12,Paid Search,35-44,USA
U2266,2024-03-04,Organic,25-34,USA
U2267,2024-06-02,Organic,45+,UK
U2268,2024-02-17,Paid Search,18-24,UK
U2269,2024-06-25,Organic,35-44,USA
U2270,2024-04-19,Referral,18-24,Spain
U2271,2024-02-07,Social Media,45+,UK
U2272,2024-02-14,Paid Search,18-24,Spain
U2273,2024-02-09,Referral,18-24,Germany
U2274,2024-04-21,Social Media,25-34,Spain
U2275,2024-06-22,Organic,25-34,UK
U2276,2024-06-13,Organic,18-24,Spain
U2277,2024-02-29,Organic,45+,USA
U2278,2024-03-31,Social Media,25-34,Germany
U2279,2024-04-30,Referral,25-34,Germany
U2280,2024-04-14,Paid Search,18-24,USA
U2281,2024-06-18,Paid Search,35-44,UK
U2282,2024-03-23,Referral,35-44,USA
U2283,2024-01-07,Referral,45+,UK
U2284,2024-04-23,Referral,25-34,UK
U2285,2024-01-22,Organic,18-24,Spain
U2286,2024-05-10,Referral,25-34,Spain
U2287,2024-05-31,Social Media,18-24,Spain
U2288,2024-04-12,Organic,45+,Germany
U2289,2024-04-27,Paid Search,25-34,USA
U2290,2024-01-07,Referral,45+,Spain
U2291,2024-06-27,Social Media,45+,USA
U2292,2024-04-24,Organic,18-24,UK
U2293,2024-02-02,Social Media,35-44,USA
U2294,2024-02-11,Social Media,18-24,USA
U2295,2024-02-14,Organic,18-24,Germany
U2296,2024-03-09,Paid Search,45+,Spain
U2297,2024-03-24,Referral,35-44,Spain
U2298,2024-01-16,Social Media,45+,Germany
U2299,2024-02-11,Paid Search,25-34,Germany
U2300,2024-03-08,Organic,45+,UK
U2301,2024-04-11,Referral,18-24,Spain
U2302,2024-05-20,Paid Search,18-24,Spain
U2303,2024-04-13,Social Media,25-34,Germany
U2304,2024-06-20,Referral,35-44,UK
U2305,2024-05-09,Referral,45+,UK
U2306,2024-02-10,Paid Search,45+,USA
U2307,2024-04-30,Organic,35-44,Germany
U2308,2024-06-28,Organic,25-34,Germany
U2309,2024-02-01,Organic,45+,Spain
U2310,2024-03-15,Organic,18-24,Germany
U2311,2024-04-23,Organic,18-24,Spain
U2312,2024-03-14,Organic,45+,USA
U2313,2024-03-17,Organic,25-34,USA
U2314,2024-02-26,Social Media,25-34,USA
U2315,2024-01-02,Organic,45+,Germany
U2316,2024-04-02,Referral,35-44,Germany
U2317,2024-01-29,Organic,35-44,USA
U2318,2024-02-26,Social Media,45+,UK
U2319,2024-03-16,Organic,35-44,Spain
U2320,2024-04-14,Social Media,45+,UK
U2321,2024-02-20,Paid Search,35-44,Spain
U2322,2024-02-10,Social Media,45+,Spain
U2323,2024-01-14,Referral,35-44,Germany
U2324,2024-02-29,Organic,25-34,Spain
U2325,2024-06-19,Referral,18-24,UK
U2326,2024-02-03,Social Media,18-24,Germany
U2327,2024-06-17,Organic,45+,UK
U2328,2024-06-11,Referral,45+,UK
U2329,2024-03-28,Organic,18-24,Germany
U2330,2024-05-03,Organic,25-34,Germany
U2331,2024-01-27,Social Media,45+,Germany
U2332,2024-03-30,Social Media,45+,Spain
U2333,2024-04-11,Social Media,35-44,Spain
U2334,2024-03-20,Paid Search,18-24,Spain
U2335,2024-06-05,Social Media,25-34,UK
U2336,2024-02-20,Referral,25-34,Spain
U2337,2024-03-15,Social Media,35-44,Spain
U2338,2024-06-09,Referral,45+,Spain
U2339,2024-01-25,Referral,35-44,USA
U2340,2024-04-23,Referral,18-24,UK
U2341,2024-02-12,Referral,25-34,USA
U2342,2024-04-16,Organic,18-24,Germany
U2343,2024-06-01,Referral,35-44,Spain
U2344,2024-03-09,Social Media,45+,USA
U2345,2024-01-23,Organic,35-44,USA
U2346,2024-02-23,Paid Search,35-44,Spain
U2347,2024-03-29,Paid Search,45+,Spain
U2348,2024-01-02,Organic,18-24,USA
U2349,2024-06-03,Referral,35-44,UK
U2350,2024-02-18,Paid Search,25-34,USA
U2351,2024-06-01,Organic,25-34,Spain
U2352,2024-06-14,Referral,45+,Spain
U2353,2024-06-23,Organic,25-34,Spain
U2354,2024-01-10,Referral,18-24,USA
U2355,2024-05-11,Organic,18-24,Germany
U2356,2024-04-19,Social Media,18-24,Germany
U2357,2024-04-15,Referral,35-44,Spain
U2358,2024-02-25,Social Media,18-24,Germany
U2359,2024-05-30,Referral,45+,Germany
U2360,2024-03-23,Paid Search,35-44,UK
U2361,2024-04-22,Organic,45+,UK
U2362,2024-02-21,Referral,45+,Germany
U2363,2024-02-07,Referral,45+,UK
U2364,2024-06-13,Social Media,18-24,Spain
U2365,2024-04-22,Paid Search,18-24,Germany
U2366,2024-02-08,Organic,35-44,UK
U2367,2024-04-29,Organic,45+,UK
U2368,2024-01-28,Organic,25-34,Spain
U2369,2024-05-07,Social Media,35-44,Spain
U2370,2024-01-12,Social Media,35-44,Spain
U2371,2024-01-12,Organic,25-34,Spain
U2372,2024-04-25,Referral,25-34,UK
U2373,2024-02-06,Social Media,35-44,USA
U2374,2024-05-19,Referral,45+,Germany
U2375,2024-06-28,Paid Search,35-44,USA
U2376,2024-06-09,Referral,18-24,Spain
U2377,2024-06-24,Social Media,45+,Germany
U2378,2024-06-12,Paid Search,18-24,Germany
U2379,2024-01-31,Social Media,45+,UK
U2380,2024-02-24,Social Media,35-44,UK
U2381,2024-01-25,Referral,18-24,Germany
U2382,2024-04-21,Social Media,45+,USA
U2383,2024-03-05,Referral,35-44,USA
U2384,2024-02-23,Paid Search,25-34,USA
U2385,2024-06-12,Paid Search,18-24,UK
U2386,2024-01-29,Organic,45+,Germany
U2387,2024-01-09,Social Media,25-34,Spain
U2388,2024-04-04,Organic,35-44,UK
U2389,2024-01-14,Social Media,25-34,UK
U2390,2024-01-30,Paid Search,35-44,UK
U2391,2024-01-13,Organic,18-24,UK
U2392,2024-02-29,Organic,18-24,USA
U2393,2024-05-21,Organic,25-34,Spain
U2394,2024-05-16,Organic,25-34,Spain
U2395,2024-05-02,Organic,18-24,Germany
U2396,2024-02-13,Paid Search,45+,UK
U2397,2024-06-13,Referral,25-34,UK
U2398,2024-02-29,Organic,18-24,Germany
U2399,2024-05-20,Referral,45+,Germany
U2400,2024-05-30,Social Media,25-34,UK
U2401,2024-03-10,Social Media,35-44,Germany
U2402,2024-01-05,Social Media,18-24,USA
U2403,2024-06-23,Paid Search,35-44,UK
U2404,2024-01-25,Social Media,25-34,Spain
U2405,2024-05-14,Organic,35-44,USA
U2406,2024-02-29,Referral,35-44,Germany
U2407,2024-06-12,Paid Search,45+,UK
U2408,2024-03-16,Organic,25-34,Spain
U2409,2024-01-18,Social Media,18-24,Germany
U2410,2024-06-27,Paid Search,35-44,Spain
U2411,2024-06-29,Organic,35-44,UK
U2412,2024-01-01,Social Media,25-34,UK
U2413,2024-06-13,Organic,35-44,USA
U2414,2024-02-27,Paid Search,18-24,Germany
U2415,2024-01-30,Referral,45+,UK
U2416,2024-02-08,Referral,45+,USA
U2417,2024-05-13,Referral,18-24,Spain
U2418,2024-03-13,Paid Search,45+,USA
U2419,2024-01-16,Social Media,18-24,Germany
U2420,2024-01-27,Organic,35-44,Germany
U2421,2024-03-17,Paid Search,45+,Spain
U2422,2024-01-21,Social Media,25-34,UK
U2423,2024-01-19,Social Media,18-24,Spain
U2424,2024-04-12,Referral,35-44,Spain
U2425,2024-04-22,Organic,25-34,Spain
U2426,2024-02-16,Paid Search,45+,USA
U2427,2024-05-11,Referral,18-24,Germany
U2428,2024-01-12,Social Media,18-24,UK
U2429,2024-01-19,Paid Search,35-44,Germany
U2430,2024-03-10,Organic,18-24,UK
U2431,2024-02-12,Organic,45+,Spain
U2432,2024-03-15,Paid Search,18-24,USA
U2433,2024-03-12,Paid Search,35-44,UK
U2434,2024-02-19,Social Media,45+,USA
U2435,2024-06-12,Social Media,45+,UK
U2436,2024-01-15,Social Media,35-44,Germany
U2437,2024-02-27,Referral,25-34,USA
U2438,2024-05-01,Referral,45+,Spain
U2439,2024-03-14,Social Media,25-34,Spain
U2440,2024-04-06,Social Media,45+,UK
U2441,2024-03-15,Paid Search,18-24,Spain
U2442,2024-05-15,Social Media,45+,Spain
U2443,2024-03-30,Referral,25-34,USA
U2444,2024-01-30,Paid Search,18-24,USA
U2445,2024-06-06,Paid Search,18-24,USA
U2446,2024-01-04,Organic,25-34,Germany
U2447,2024-04-04,Paid Search,18-24,Germany
U2448,2024-01-10,Social Media,25-34,UK
U2449,2024-04-03,Organic,45+,UK
U2450,2024-02-12,Social Media,35-44,UK
U2451,2024-05-19,Social Media,45+,UK
U2452,2024-05-28,Organic,18-24,Germany
U2453,2024-05-08,Paid Search,25-34,Spain
U2454,2024-04-15,Referral,35-44,UK
U2455,2024-05-23,Organic,35-44,UK
U2456,2024-01-03,Referral,35-44,UK
U2457,2024-04-17,Referral,35-44,Germany
U2458,2024-05-15,Paid Search,18-24,UK
U2459,2024-06-09,Social Media,45+,USA
U2460,2024-03-10,Paid Search,25-34,USA
U2461,2024-04-30,Social Media,35-44,USA
U2462,2024-03-14,Organic,45+,UK
U2463,2024-05-02,Social Media,18-24,Germany
U2464,2024-06-18,Social Media,18-24,USA
U2465,2024-05-16,Social Media,25-34,Germany
U2466,2024-02-04,Paid Search,18-24,USA
U2467,2024-04-24,Paid Search,35-44,Spain
U2468,2024-05-11,Referral,25-34,USA
U2469,2024-06-13,Referral,18-24,Germany
U2470,2024-02-11,Paid Search,18-24,Spain
U2471,2024-03-26,Social Media,25-34,UK
U2472,2024-06-18,Referral,35-44,Spain
U2473,2024-04-07,Paid Search,45+,Germany
U2474,2024-04-03,Organic,18-24,Germany
U2475,2024-02-02,Paid Search,18-24,Spain
U2476,2024-02-09,Organic,45+,Spain
U2477,2024-03-07,Paid Search,45+,Germany
U2478,2024-01-15,Social Media,18-24,Spain
U2479,2024-03-03,Organic,18-24,Germany
U2480,2024-01-01,Referral,25-34,USA
U2481,2024-02-17,Paid Search,35-44,Germany
U2482,2024-01-21,Social Media,25-34,UK
U2483,2024-01-25,Paid Search,25-34,UK
U2484,2024-01-23,Referral,25-34,Spain
U2485,2024-04-29,Organic,45+,UK
U2486,2024-06-25,Organic,45+,Germany
U2487,2024-02-24,Organic,45+,UK
U2488,2024-06-29,Referral,35-44,UK
U2489,2024-05-11,Organic,25-34,Germany
U2490,2024-05-15,Paid Search,35-44,UK
U2491,2024-03-21,Organic,35-44,UK
U2492,2024-01-20,Social Media,18-24,UK
U2493,2024-06-11,Social Media,45+,UK
U2494,2024-02-18,Referral,35-44,USA
U2495,2024-02-28,Referral,35-44,USA
U2496,2024-06-09,Paid Search,35-44,Spain
U2497,2024-02-21,Referral,35-44,UK
U2498,2024-02-14,Social Media,35-44,USA
U2499,2024-02-07,Organic,18-24,Germany
U2500,2024-04-11,Referral,35-44,USA
U2501,2024-06-04,Social Media,18-24,UK
U2502,2024-03-23,Paid Search,35-44,USA
U2503,2024-05-07,Organic,25-34,USA
U2504,2024-02-24,Paid Search,18-24,Germany
U2505,2024-01-19,Organic,25-34,Germany
U2506,2024-02-13,Referral,35-44,UK
U2507,2024-01-11,Paid Search,25-34,Germany
U2508,2024-01-23,Referral,45+,Spain
U2509,2024-04-16,Organic,35-44,Germany
U2510,2024-05-06,Social Media,18-24,Spain
U2511,2024-04-07,Paid Search,25-34,Spain
U2512,2024-01-22,Paid Search,45+,Spain
U2513,2024-04-20,Paid Search,35-44,UK
U2514,2024-05-20,Social Media,45+,Germany
U2515,2024-02-21,Paid Search,25-34,Spain
U2516,2024-01-23,Referral,45+,UK
U2517,2024-02-20,Paid Search,45+,Spain
U2518,2024-01-30,Referral,45+,USA
U2519,2024-01-27,Referral,18-24,Germany
U2520,2024-03-09,Paid Search,18-24,Spain
U2521,2024-03-15,Social Media,25-34,Germany
U2522,2024-03-10,Social Media,35-44,Germany
U2523,2024-06-22,Referral,18-24,Spain
U2524,2024-03-25,Referral,18-24,USA
U2525,2024-02-12,Organic,45+,UK
U2526,2024-05-09,Social Media,25-34,USA
U2527,2024-04-19,Social Media,45+,USA
U2528,2024-04-23,Organic,35-44,USA
U2529,2024-01-05,Social Media,25-34,USA
U2530,2024-06-05,Social Media,25-34,Spain
U2531,2024-05-03,Referral,35-44,Spain
U2532,2024-01-31,Social Media,35-44,UK
U2533,2024-06-29,Organic,45+,UK
U2534,2024-06-06,Social Media,25-34,Spain
U2535,2024-01-01,Referral,35-44,USA
U2536,2024-06-02,Organic,18-24,UK
U2537,2024-05-18,Organic,25-34,Germany
U2538,2024-02-26,Organic,18-24,Spain
U2539,2024-03-12,Organic,45+,UK
U2540,2024-01-09,Social Media,18-24,Germany
U2541,2024-01-29,Referral,18-24,USA
U2542,2024-04-28,Paid Search,18-24,Spain
U2543,2024-04-29,Social Media,35-44,UK
U2544,2024-06-04,Organic,35-44,USA
U2545,2024-03-29,Paid Search,45+,USA
U2546,2024-03-22,Paid Search,25-34,USA
U2547,2024-04-11,Referral,25-34,USA
U2548,2024-04-10,Organic,35-44,Spain
U2549,2024-03-29,Organic,25-34,Germany
U2550,2024-01-12,Social Media,18-24,UK
U2551,2024-06-08,Social Media,25-34,USA
U2552,2024-04-29,Paid Search,25-34,Germany
U2553,2024-02-20,Organic,45+,USA
U2554,2024-05-15,Referral,35-44,USA
U2555,2024-04-21,Organic,25-34,UK
U2556,2024-05-18,Social Media,18-24,UK
U2557,2024-04-20,Paid Search,25-34,USA
U2558,2024-04-26,Social Media,45+,Germany
U2559,2024-05-28,Paid Search,18-24,UK
U2560,2024-01-02,Paid Search,45+,UK
U2561,2024-06-21,Paid Search,45+,USA
U2562,2024-03-07,Referral,25-34,USA
U2563,2024-03-30,Organic,45+,Germany
U2564,2024-05-27,Referral,18-24,Germany
U2565,2024-06-28,Social Media,18-24,UK
U2566,2024-01-24,Organic,45+,UK
U2567,2024-04-20,Paid Search,45+,Spain
U2568,2024-05-04,Referral,45+,UK
U2569,2024-05-05,Social Media,25-34,Germany
U2570,2024-02-10,Organic,25-34,UK
U2571,2024-03-17,Social Media,18-24,Germany
U2572,2024-03-18,Organic,18-24,Germany
U2573,2024-03-03,Paid Search,45+,Spain
U2574,2024-06-18,Organic,45+,UK
U2575,2024-03-12,Social Media,25-34,UK
U2576,2024-05-03,Organic,45+,UK
U2577,2024-02-14,Paid Search,18-24,Spain
U2578,2024-06-25,Paid Search,18-24,USA
U2579,2024-06-28,Organic,45+,UK
U2580,2024-06-02,Social Media,35-44,USA
U2581,2024-01-07,Organic,35-44,Spain
U2582,2024-02-28,Organic,45+,Germany
U2583,2024-02-20,Organic,35-44,UK
U2584,2024-03-11,Referral,25-34,Germany
U2585,2024-03-08,Organic,45+,UK
U2586,2024-06-17,Referral,18-24,Spain
U2587,2024-04-04,Organic,35-44,USA
U2588,2024-01-12,Referral,25-34,USA
U2589,2024-04-02,Social Media,35-44,Spain
U2590,2024-05-14,Paid Search,45+,Spain
U2591,2024-03-04,Referral,35-44,USA
U2592,2024-01-06,Organic,35-44,Spain
U2593,2024-05-19,Social Media,25-34,Spain
U2594,2024-04-10,Referral,45+,USA
U2595,2024-03-28,Organic,35-44,Spain
U2596,2024-04-24,Organic,25-34,USA
U2597,2024-05-11,Social Media,45+,UK
U2598,2024-01-23,Paid Search,45+,Germany
U2599,2024-02-17,Social Media,25-34,Spain
U2600,2024-02-12,Referral,18-24,Germany
U2601,2024-03-16,Referral,45+,USA
U2602,2024-06-01,Paid Search,25-34,UK
U2603,2024-05-13,Social Media,18-24,UK
U2604,2024-05-14,Organic,45+,UK
U2605,2024-01-01,Social Media,18-24,Spain
U2606,2024-04-15,Organic,45+,UK
U2607,2024-06-13,Organic,45+,Spain
U2608,2024-06-03,Organic,25-34,Germany
U2609,2024-01-25,Referral,25-34,Germany
U2610,2024-01-22,Referral,45+,Germany
U2611,2024-05-28,Organic,45+,Germany
U2612,2024-03-05,Paid Search,18-24,USA
U2613,2024-01-01,Paid Search,18-24,Spain
U2614,2024-04-08,Social Media,45+,UK
U2615,2024-06-05,Referral,45+,USA
U2616,2024-03-17,Organic,35-44,Spain
U2617,2024-03-09,Referral,25-34,Spain
U2618,2024-06-05,Referral,18-24,USA
U2619,2024-04-15,Referral,18-24,Germany
U2620,2024-06-10,Social Media,35-44,Spain
U2621,2024-05-27,Social Media,25-34,Spain
U2622,2024-02-05,Referral,18-24,Germany
U2623,2024-04-05,Social Media,45+,Germany
U2624,2024-01-19,Social Media,35-44,Spain
U2625,2024-01-15,Organic,18-24,USA
U2626,2024-03-17,Organic,35-44,USA
U2627,2024-03-25,Paid Search,18-24,Spain
U2628,2024-04-21,Referral,35-44,Germany
U2629,2024-03-10,Social Media,45+,Germany
U2630,2024-06-13,Social Media,25-34,USA
U2631,2024-04-08,Referral,35-44,Germany
U2632,2024-01-29,Organic,25-34,Germany
U2633,2024-04-04,Referral,25-34,USA
U2634,2024-02-19,Referral,18-24,Germany
U2635,2024-02-25,Social Media,25-34,Spain
U2636,2024-01-18,Organic,18-24,Spain
U2637,2024-04-27,Social Media,25-34,UK
U2638,2024-05-02,Referral,35-44,Spain
U2639,2024-05-19,Paid Search,45+,UK
U2640,2024-06-27,Paid Search,35-44,Spain
U2641,2024-01-29,Paid Search,45+,Spain
U2642,2024-05-22,Social Media,25-34,Spain
U2643,2024-01-07,Organic,45+,Spain
U2644,2024-03-23,Paid Search,45+,Germany
U2645,2024-01-31,Social Media,18-24,USA
U2646,2024-04-30,Referral,25-34,UK
U2647,2024-01-23,Social Media,35-44,Spain
U2648,2024-02-07,Referral,25-34,Germany
U2649,2024-06-24,Referral,25-34,Germany
U2650,2024-06-27,Paid Search,45+,Germany
U2651,2024-02-16,Paid Search,45+,Spain
U2652,2024-06-03,Paid Search,18-24,Spain
U2653,2024-04-14,Social Media,18-24,Spain
U2654,2024-05-09,Paid Search,25-34,UK
U2655,2024-01-11,Social Media,45+,UK
U2656,2024-01-25,Social Media,35-44,USA
U2657,2024-02-14,Referral,25-34,UK
U2658,2024-01-10,Paid Search,45+,Spain
U2659,2024-03-01,Organic,25-34,Spain
U2660,2024-01-12,Paid Search,45+,Spain
U2661,2024-06-11,Organic,18-24,Germany
U2662,2024-05-16,Referral,18-24,Spain
U2663,2024-04-04,Organic,25-34,Germany
U2664,2024-04-27,Social Media,18-24,UK
U2665,2024-02-18,Paid Search,18-24,USA
U2666,2024-06-01,Social Media,25-34,USA
U2667,2024-01-05,Referral,35-44,USA
U2668,2024-03-28,Referral,35-44,Germany
U2669,2024-01-01,Organic,25-34,Germany
U2670,2024-05-28,Organic,35-44,USA
U2671,2024-06-02,Social Media,25-34,Spain
U2672,2024-05-07,Paid Search,25-34,USA
U2673,2024-01-31,Organic,18-24,Spain
U2674,2024-02-04,Paid Search,45+,UK
U2675,2024-02-03,Paid Search,18-24,Germany
U2676,2024-05-13,Organic,35-44,UK
U2677,2024-01-08,Paid Search,45+,UK
U2678,2024-05-02,Referral,18-24,Germany
U2679,2024-05-19,Referral,18-24,Germany
U2680,2024-06-18,Social Media,45+,UK
U2681,2024-04-15,Paid Search,18-24,UK
U2682,2024-03-06,Organic,25-34,UK
U2683,2024-03-13,Organic,45+,Spain
U2684,2024-05-20,Referral,45+,UK
U2685,2024-01-16,Referral,45+,UK
U2686,2024-06-06,Social Media,45+,UK
U2687,2024-06-06,Organic,18-24,Germany
U2688,2024-04-01,Organic,35-44,Germany
U2689,2024-05-01,Paid Search,45+,USA
U2690,2024-04-07,Organic,45+,USA
U2691,2024-03-30,Referral,25-34,Spain
U2692,2024-02-08,Referral,18-24,USA
U2693,2024-03-10,Paid Search,25-34,Spain
U2694,2024-05-02,Organic,35-44,USA
U2695,2024-01-23,Organic,18-24,USA
U2696,2024-06-12,Social Media,45+,Germany
U2697,2024-05-30,Organic,25-34,USA
U2698,2024-05-07,Referral,18-24,USA
U2699,2024-01-08,Paid Search,45+,UK
U2700,2024-05-17,Paid Search,18-24,UK
U2701,2024-06-01,Social Media,18-24,USA
U2702,2024-01-13,Organic,35-44,UK
U2703,2024-06-29,Social Media,45+,USA
U2704,2024-06-20,Social Media,18-24,UK
U2705,2024-05-25,Social Media,25-34,USA
U2706,2024-06-27,Social Media,45+,Germany
U2707,2024-06-26,Organic,18-24,UK
U2708,2024-06-19,Organic,25-34,Germany
U2709,2024-05-25,Organic,18-24,Spain
U2710,2024-05-19,Paid Search,45+,USA
U2711,2024-05-09,Social Media,18-24,UK
U2712,2024-01-14,Social Media,25-34,Germany
U2713,2024-01-29,Organic,18-24,Spain
U2714,2024-01-26,Organic,25-34,Germany
U2715,2024-01-26,Social Media,18-24,USA
U2716,2024-05-16,Paid Search,45+,Germany
U2717,2024-06-23,Paid Search,35-44,UK
U2718,2024-06-05,Paid Search,25-34,UK
U2719,2024-02-29,Social Media,35-44,Spain
U2720,2024-04-10,Paid Search,18-24,UK
U2721,2024-03-11,Organic,45+,Germany
U2722,2024-06-19,Social Media,25-34,Germany
U2723,2024-01-28,Paid Search,25-34,Germany
U2724,2024-03-09,Paid Search,18-24,USA
U2725,2024-01-24,Paid Search,25-34,Germany
U2726,2024-02-13,Referral,45+,UK
U2727,2024-04-02,Organic,18-24,UK
U2728,2024-05-10,Social Media,45+,USA
U2729,2024-05-23,Social Media,18-24,UK
U2730,2024-04-08,Social Media,35-44,Germany
U2731,2024-03-29,Paid Search,18-24,USA
U2732,2024-02-21,Organic,18-24,UK
U2733,2024-03-01,Social Media,18-24,Germany
U2734,2024-06-11,Referral,45+,Spain
U2735,2024-06-05,Social Media,45+,Germany
U2736,2024-01-05,Social Media,45+,Germany
U2737,2024-04-02,Referral,45+,UK
U2738,2024-02-21,Organic,18-24,USA
U2739,2024-05-24,Referral,35-44,UK
U2740,2024-04-16,Paid Search,18-24,USA
U2741,2024-06-20,Organic,45+,Germany
U2742,2024-01-21,Referral,18-24,Spain
U2743,2024-04-15,Referral,18-24,USA
U2744,2024-03-22,Referral,45+,Germany
U2745,2024-04-27,Social Media,18-24,USA
U2746,2024-03-15,Referral,35-44,Spain
U2747,2024-06-09,Organic,45+,UK
U2748,2024-06-17,Paid Search,35-44,UK
U2749,2024-06-18,Referral,35-44,UK
U2750,2024-01-16,Organic,25-34,Germany
U2751,2024-06-24,Referral,25-34,Germany
U2752,2024-05-18,Referral,25-34,Germany
U2753,2024-03-07,Social Media,35-44,UK
U2754,2024-05-18,Social Media,45+,Spain
U2755,2024-03-14,Social Media,18-24,Germany
U2756,2024-02-05,Social Media,35-44,USA
U2757,2024-03-14,Paid Search,25-34,UK
U2758,2024-06-03,Paid Search,25-34,Germany
U2759,2024-05-13,Social Media,18-24,USA
U2760,2024-01-24,Paid Search,18-24,USA
U2761,2024-06-06,Paid Search,45+,Germany
U2762,2024-04-06,Organic,35-44,UK
U2763,2024-06-07,Paid Search,35-44,Spain
U2764,2024-03-15,Social Media,35-44,Germany
U2765,2024-03-26,Paid Search,18-24,USA
U2766,2024-03-21,Referral,18-24,Germany
U2767,2024-03-31,Social Media,25-34,Spain
U2768,2024-03-06,Paid Search,25-34,USA
U2769,2024-05-08,Referral,25-34,UK
U2770,2024-04-17,Social Media,18-24,Germany
U2771,2024-01-20,Referral,45+,UK
U2772,2024-04-06,Social Media,35-44,Germany
U2773,2024-01-09,Organic,45+,USA
U2774,2024-02-10,Referral,25-34,USA
U2775,2024-05-15,Paid Search,25-34,Germany
U2776,2024-02-15,Organic,25-34,Spain
U2777,2024-04-09,Paid Search,45+,USA
U2778,2024-04-08,Referral,25-34,Germany
U2779,2024-03-28,Organic,25-34,Spain
U2780,2024-01-05,Organic,45+,USA
U2781,2024-05-13,Referral,45+,Germany
U2782,2024-06-19,Referral,18-24,USA
U2783,2024-01-20,Organic,35-44,Germany
U2784,2024-03-28,Referral,18-24,UK
U2785,2024-02-15,Social Media,25-34,USA
U2786,2024-06-21,Referral,18-24,USA
U2787,2024-02-08,Social Media,18-24,UK
U2788,2024-03-30,Referral,45+,USA
U2789,2024-01-03,Social Media,35-44,Spain
U2790,2024-04-12,Paid Search,18-24,UK
U2791,2024-03-20,Referral,25-34,USA
U2792,2024-03-22,Organic,35-44,Spain
U2793,2024-01-04,Referral,35-44,Spain
U2794,2024-05-22,Referral,45+,UK
U2795,2024-04-03,Paid Search,35-44,USA
U2796,2024-01-21,Referral,45+,Germany
U2797,2024-04-16,Referral,25-34,Spain
U2798,2024-01-02,Social Media,25-34,USA
U2799,2024-04-10,Organic,25-34,Germany
U2800,2024-03-31,Social Media,18-24,UK
U2801,2024-04-17,Organic,35-44,USA
U2802,2024-05-06,Paid Search,25-34,Germany
U2803,2024-03-30,Referral,25-34,Spain
U2804,2024-02-27,Organic,35-44,UK
U2805,2024-06-18,Paid Search,18-24,Spain
U2806,2024-03-05,Organic,45+,Spain
U2807,2024-03-18,Organic,45+,USA
U2808,2024-03-31,Paid Search,18-24,UK
U2809,2024-05-09,Social Media,45+,Germany
U2810,2024-01-02,Paid Search,25-34,USA
U2811,2024-06-02,Referral,35-44,Germany
U2812,2024-01-04,Referral,18-24,UK
U2813,2024-06-14,Social Media,18-24,UK
U2814,2024-01-26,Paid Search,18-24,Germany
U2815,2024-06-23,Organic,25-34,UK
U2816,2024-03-22,Organic,35-44,Germany
U2817,2024-06-04,Organic,25-34,Germany
U2818,2024-05-24,Paid Search,25-34,Spain
U2819,2024-06-21,Paid Search,18-24,Germany
U2820,2024-01-28,Social Media,45+,Spain
U2821,2024-01-04,Organic,25-34,Spain
U2822,2024-06-18,Organic,25-34,Spain
U2823,2024-06-03,Paid Search,18-24,Spain
U2824,2024-06-27,Organic,35-44,Germany
U2825,2024-06-26,Referral,35-44,Spain
U2826,2024-04-28,Social Media,35-44,Spain
U2827,2024-01-01,Social Media,18-24,Germany
U2828,2024-06-20,Paid Search,18-24,Spain
U2829,2024-04-20,Referral,18-24,Spain
U2830,2024-03-17,Paid Search,18-24,Spain
U2831,2024-06-07,Referral,35-44,Spain
U2832,2024-06-10,Organic,35-44,USA
U2833,2024-01-31,Organic,18-24,USA
U2834,2024-03-24,Organic,18-24,Germany
U2835,2024-04-15,Referral,18-24,UK
U2836,2024-01-07,Social Media,18-24,USA
U2837,2024-03-24,Referral,45+,Spain
U2838,2024-02-01,Organic,35-44,USA
U2839,2024-01-08,Paid Search,25-34,Spain
U2840,2024-02-27,Referral,25-34,Spain
U2841,2024-01-10,Paid Search,18-24,UK
U2842,2024-04-28,Social Media,35-44,Germany
U2843,2024-06-27,Social Media,18-24,Germany
U2844,2024-05-19,Social Media,18-24,USA
U2845,2024-04-11,Paid Search,45+,Germany
U2846,2024-04-21,Referral,35-44,UK
U2847,2024-01-27,Referral,25-34,UK
U2848,2024-02-17,Social Media,45+,USA
U2849,2024-03-18,Paid Search,18-24,Spain
U2850,2024-02-11,Social Media,45+,Spain
U2851,2024-01-21,Referral,45+,UK
U2852,2024-01-13,Paid Search,18-24,USA
U2853,2024-01-11,Referral,35-44,UK
U2854,2024-04-16,Paid Search,35-44,Spain
U2855,2024-02-03,Organic,45+,USA
U2856,2024-03-19,Referral,18-24,Spain
U2857,2024-04-30,Social Media,35-44,Germany
U2858,2024-05-11,Organic,18-24,UK
U2859,2024-02-17,Referral,45+,USA
U2860,2024-02-10,Paid Search,18-24,Spain
U2861,2024-04-19,Paid Search,35-44,Germany
U2862,2024-01-10,Organic,25-34,Germany
U2863,2024-02-20,Organic,18-24,USA
U2864,2024-03-05,Paid Search,35-44,USA
U2865,2024-01-06,Paid Search,18-24,UK
U2866,2024-06-25,Paid Search,45+,UK
U2867,2024-04-27,Social Media,45+,Spain
U2868,2024-04-12,Referral,25-34,Germany
U2869,2024-02-05,Paid Search,35-44,USA
U2870,2024-03-01,Referral,18-24,UK
U2871,2024-05-20,Referral,25-34,UK
U2872,2024-02-04,Social Media,18-24,USA
U2873,2024-05-07,Paid Search,45+,USA
U2874,2024-03-16,Referral,45+,Germany
U2875,2024-03-10,Organic,18-24,USA
U2876,2024-01-11,Social Media,45+,UK
U2877,2024-05-27,Organic,35-44,Spain
U2878,2024-05-11,Organic,35-44,Spain
U2879,2024-03-10,Referral,25-34,Germany
U2880,2024-05-19,Referral,45+,UK
U2881,2024-05-16,Referral,25-34,USA
U2882,2024-05-20,Social Media,45+,Spain
U2883,2024-01-17,Social Media,45+,UK
U2884,2024-03-25,Organic,45+,USA
U2885,2024-06-15,Organic,45+,Germany
U2886,2024-01-07,Paid Search,35-44,UK
U2887,2024-05-16,Referral,18-24,Spain
U2888,2024-01-25,Referral,35-44,USA
U2889,2024-06-28,Organic,35-44,Spain
U2890,2024-03-27,Organic,35-44,Germany
U2891,2024-01-06,Organic,18-24,USA
U2892,2024-01-25,Social Media,25-34,USA
U2893,2024-02-26,Referral,18-24,Spain
U2894,2024-06-04,Paid Search,45+,USA
U2895,2024-02-25,Referral,18-24,Germany
U2896,2024-01-17,Paid Search,25-34,USA
U2897,2024-06-13,Organic,35-44,UK
U2898,2024-06-09,Paid Search,18-24,Germany
U2899,2024-02-13,Paid Search,25-34,Spain
U2900,2024-06-19,Referral,35-44,Germany
U2901,2024-05-14,Social Media,35-44,Germany
U2902,2024-04-05,Organic,25-34,Spain
U2903,2024-06-14,Social Media,25-34,Germany
U2904,2024-04-28,Organic,45+,Spain
U2905,2024-01-29,Referral,35-44,Spain
U2906,2024-06-15,Referral,45+,USA
U2907,2024-04-20,Organic,25-34,USA
U2908,2024-02-18,Referral,35-44,Germany
U2909,2024-02-16,Organic,18-24,Germany
U2910,2024-04-17,Social Media,45+,UK
U2911,2024-05-12,Organic,18-24,USA
U2912,2024-03-09,Referral,25-34,Germany
U2913,2024-04-26,Referral,35-44,Spain
U2914,2024-01-31,Referral,35-44,USA
U2915,2024-01-03,Organic,18-24,USA
U2916,2024-03-22,Referral,18-24,UK
U2917,2024-04-11,Organic,25-34,UK
U2918,2024-05-06,Referral,35-44,UK
U2919,2024-03-10,Organic,45+,UK
U2920,2024-05-06,Referral,25-34,USA
U2921,2024-06-20,Paid Search,45+,Spain
U2922,2024-02-22,Paid Search,25-34,UK
U2923,2024-06-17,Social Media,18-24,UK
U2924,2024-04-04,Paid Search,25-34,Germany
U2925,2024-05-31,Referral,25-34,Germany
U2926,2024-05-05,Paid Search,35-44,USA
U2927,2024-02-23,Paid Search,45+,UK
U2928,2024-01-16,Paid Search,35-44,UK
U2929,2024-01-13,Social Media,25-34,USA
U2930,2024-04-14,Referral,35-44,Spain
U2931,2024-06-27,Social Media,45+,Spain
U2932,2024-05-07,Social Media,18-24,USA
U2933,2024-03-31,Organic,25-34,Spain
U2934,2024-06-19,Referral,18-24,Germany
U2935,2024-02-04,Social Media,18-24,Germany
U2936,2024-01-30,Referral,35-44,USA
U2937,2024-02-02,Referral,18-24,USA
U2938,2024-03-24,Social Media,18-24,Spain
U2939,2024-05-05,Organic,35-44,USA
U2940,2024-02-01,Organic,18-24,USA
U2941,2024-06-07,Social Media,25-34,USA
U2942,2024-04-09,Paid Search,35-44,Spain
U2943,2024-01-29,Organic,45+,Germany
U2944,2024-01-28,Paid Search,45+,USA
U2945,2024-05-29,Organic,45+,USA
U2946,2024-01-06,Referral,25-34,USA
U2947,2024-04-20,Social Media,18-24,UK
U2948,2024-03-30,Referral,25-34,USA
U2949,2024-06-21,Paid Search,25-34,Spain
U2950,2024-01-12,Social Media,35-44,Spain
U2951,2024-05-14,Social Media,18-24,Spain
U2952,2024-04-04,Social Media,45+,Germany
U2953,2024-03-01,Paid Search,25-34,Germany
U2954,2024-02-15,Organic,45+,Spain
U2955,2024-02-14,Paid Search,35-44,Germany
U2956,2024-06-20,Referral,18-24,USA
U2957,2024-04-27,Referral,45+,Spain
U2958,2024-05-24,Paid Search,18-24,Germany
U2959,2024-05-15,Social Media,45+,Spain
U2960,2024-04-06,Social Media,45+,UK
U2961,2024-05-11,Paid Search,35-44,UK
U2962,2024-02-11,Organic,35-44,USA
U2963,2024-03-03,Paid Search,25-34,Spain
U2964,2024-01-09,Organic,18-24,USA
U2965,2024-01-11,Referral,25-34,Spain
U2966,2024-03-08,Referral,45+,UK
U2967,2024-04-23,Paid Search,45+,UK
U2968,2024-02-02,Paid Search,18-24,UK
U2969,2024-06-06,Social Media,45+,UK
U2970,2024-04-01,Paid Search,45+,UK
U2971,2024-05-10,Referral,45+,UK
U2972,2024-05-14,Paid Search,25-34,USA
U2973,2024-06-05,Referral,35-44,Germany
U2974,2024-03-19,Social Media,18-24,Spain
U2975,2024-05-15,Organic,35-44,Germany
U2976,2024-01-21,Referral,18-24,UK
U2977,2024-01-14,Organic,45+,UK
U2978,2024-03-27,Paid Search,25-34,Germany
U2979,2024-06-22,Paid Search,45+,UK
U2980,2024-04-15,Referral,18-24,USA
U2981,2024-05-24,Referral,18-24,Germany
U2982,2024-02-15,Paid Search,18-24,UK
U2983,2024-02-18,Organic,18-24,USA
U2984,2024-06-10,Referral,18-24,UK
U2985,2024-02-27,Referral,35-44,Germany
U2986,2024-05-18,Social Media,45+,Germany
U2987,2024-05-20,Paid Search,25-34,UK
U2988,2024-01-16,Social Media,18-24,UK
U2989,2024-06-24,Referral,45+,Germany
U2990,2024-02-29,Paid Search,35-44,USA
U2991,2024-01-01,Social Media,45+,UK
U2992,2024-04-16,Social Media,35-44,Spain
U2993,2024-05-08,Referral,45+,USA
U2994,2024-01-20,Referral,45+,Spain
U2995,2024-01-14,Paid Search,25-34,Spain
U2996,2024-04-08,Social Media,45+,Germany
U2997,2024-02-20,Paid Search,45+,UK
U2998,2024-06-22,Organic,25-34,Spain
U2999,2024-04-17,Organic,45+,UK
